Workbook

Sheet Raw_Bookings
A1: RAW EXPORT - DO NOT EDIT (from CRM, monthly)
A2: BookingID | B2: Booking Date | C2: Customer | D2: Region | E2: Product | F2: Deal Type | G2: Sales Rep | H2: Amount (Local) | I2: Currency
A3: BK10311 | B3: 04/15/2024 | C3: Customer 113 | D3: central | E3: AnalyticsAddon | F3: Services | G3: Luis Ortega | H3: 139902.51 | I3: INR
A4: BK10041 | B4: 08/15/2024 | C4: Customer 045 | D4: west | E4: AnalyticsAddon | F4: Renewal | G4: Sara Cohen | H4: 7188.6 | I4: USD
A5: BK10034 | B5: 06/08/2024 | C5: Customer 078 | D5: Central | E5: SecuritySuite | F5: Renewal | G5: Luis Ortega | H5: 124686.99 | I5: CAD
A6: BK10161 | B6: 06/18/2024 | C6: Customer 053 | D6: SOUTH | E6: AnalyticsAddon | F6: Services | G6: Priya Sharma | H6: 111075.39 | I6: INR
A7: BK10277 | B7: 2025-01-08 | C7: Customer 076 | D7: East | E7: CorePlatform | F7: Services | G7: John Smith | H7: 169906.56 | I7: USD
A8: BK10318 | B8: 04/27/2025 | C8: Customer 076 | D8: East | E8: CorePlatform | F8: Support | G8: John Smith | H8: 41186.5 | I8: CAD
A9: BK10323 | B9: 06/16/2024 | C9: Customer 067 | D9: south | E9: SecuritySuite | F9: Renewal | G9: Anna Kowalski | H9: 68820.89 | I9: INR
A10: BK10260 | B10: 2024-02-02 | C10: Customer 049 | D10: EAST | E10: DataConnect | F10: New License | G10: Tom Becker | H10: 115704.41 | I10: GBP
A11: BK10074 | B11: 11/09/2024 | C11: Customer 071 | D11: Central | E11: SecuritySuite | F11: Services | G11: Luis Ortega | H11: 179403.77 | I11: EUR
A12: BK10018 | B12: 2024-09-10 | C12: Customer 044 | D12: West | E12: AnalyticsAddon | F12: Renewal | G12: Maria Garcia | H12: 4272.78 | I12: GBP
A13: BK10274 | B13: 45697 | C13: Customer 103 | D13: central | E13: DataConnect | F13: Support | G13: Luis Ortega | H13: 79219.07 | I13: INR
A14: BK10235 | B14: 45585 | C14: Customer 099 | D14: South | E14: DataConnect | F14: Support | G14: Priya Sharma | H14: 178735.62 | I14: USD
A15: BK10168 | B15: 45635 | C15: Customer 005 | D15: west | E15: DataConnect | F15: Renewal | G15: Maria Garcia | H15: 137314.88 | I15: EUR
A16: BK10197 | B16: 45453 | C16: Customer 062 | D16: SOUTH | E16: AnalyticsAddon | F16: Support | G16: Anna Kowalski | H16: 110378.87 | I16: USD
A17: BK10036 | B17: 45633 | C17: Customer 021 | D17: West | E17: DataConnect | F17: Services | G17: Sara Cohen | H17: 102280.52 | I17: USD
A18: BK10232 | B18: 45792 | C18: Customer 104 | D18: East | E18: DataConnect | F18: Renewal | G18: Tom Becker | H18: 93844.87 | I18: EUR
A19: BK10073 | B19: 45779 | C19: Customer 102 | D19: South | E19: CorePlatform | F19: Support | G19: Anna Kowalski | H19: 42222.56 | I19: GBP
A20: BK10256 | B20: 01/17/2025 | C20: Customer 085 | D20: EAST | E20: CorePlatform | F20: New License | G20: Tom Becker | H20: 97201.61 | I20: EUR
A21: BK10039 | B21: 2025-02-20 | C21: Customer 111 | D21: West | E21: AnalyticsAddon | F21: Services | G21: Maria Garcia | H21: 7387.19 | I21: INR
A22: BK10369 | B22: 01/31/2025 | C22: Customer 114 | D22: west | E22: SecuritySuite | F22: Renewal | G22: Sara Cohen | H22: 81902.22 | I22: USD
A23: BK10335 | B23: 45824 | C23: Customer 059 | D23: south | E23: CorePlatform | F23: New License | G23: Anna Kowalski | H23: 92460.71 | I23: GBP
A24: BK10090 | B24: 45399 | C24: Customer 053 | D24: West | E24: DataConnect | F24: Support | G24: Sara Cohen | H24: 120277.29 | I24: EUR
A25: BK10341 | B25: 11/02/2024 | C25: Customer 004 | D25: central | E25: DataConnect | F25: Renewal | G25: Wei Chen | H25: 19766.37 | I25: USD
A26: BK10371 | B26: 45379 | C26: Customer 097 | D26: Central | E26: AnalyticsAddon | F26: New License | G26: Luis Ortega | H26: 151821.1 | I26: INR
A27: BK10259 | B27: 01/17/2025 | C27: Customer 073 | D27: South | E27: AnalyticsAddon | F27: Support | G27: Anna Kowalski | H27: 124075.37 | I27: CAD
A28: BK10338 | B28: 45403 | C28: Customer 022 | D28: west | E28: DataConnect | F28: Support | G28: Maria Garcia | H28: 74952.72 | I28: EUR
A29: BK10399 | B29: 45374 | C29: Customer 081 | D29: South | E29: SecuritySuite | F29: New License | G29: Anna Kowalski | H29: 3834.29 | I29: USD
A30: BK10093 | B30: 03/28/2025 | C30: Customer 035 | D30: East | E30: SecuritySuite | F30: Services | G30: John Smith | H30: 158909.85 | I30: EUR
A31: BK10263 | B31: 01/17/2024 | C31: Customer 097 | D31: West | E31: DataConnect | F31: New License | G31: Maria Garcia | H31: 55972.01 | I31: EUR
A32: BK10356 | B32: 06/10/2024 | C32: Customer 084 | D32: SOUTH | E32: AnalyticsAddon | F32: Support | G32: Anna Kowalski | H32: 42512.99 | I32: EUR
A33: BK10072 | B33: 45574 | C33: Customer 011 | D33: East | E33: DataConnect | F33: Services | G33: John Smith | H33: 101266.19 | I33: USD
A34: BK10044 | B34: 12/19/2024 | C34: Customer 078 | D34: Central | E34: CorePlatform | F34: Services | G34: Luis Ortega | H34: 162212.34 | I34: USD
A35: BK10139 | B35: 45378 | C35: Customer 021 | D35: East | E35: CorePlatform | F35: Support | G35: John Smith | H35: 81431 | I35: EUR
A36: BK10064 | B36: 01/21/2024 | C36: Customer 017 | D36: west | E36: CorePlatform | F36: Renewal | G36: Maria Garcia | H36: 85311.02 | I36: USD
A37: BK10062 | B37: 04/10/2025 | C37: Customer 098 | D37: central | E37: SecuritySuite | F37: Services | G37: Luis Ortega | H37: 47652.06 | I37: USD
A38: BK10099 | B38: 01/21/2025 | C38: Customer 112 | D38: South | E38: AnalyticsAddon | F38: Services | G38: Anna Kowalski | H38: 44340.55 | I38: INR
A39: BK10174 | B39: 04/16/2024 | C39: Customer 006 | D39: central | E39: SecuritySuite | F39: Renewal | G39: Wei Chen | H39: 149977.91 | I39: GBP
A40: BK10155 | B40: 45359 | C40: Customer 072 | D40: Central | E40: DataConnect | F40: Support | G40: Wei Chen | H40: 47603.25 | I40: CAD
A41: BK10149 | B41: 45767 | C41: Customer 111 | D41: south | E41: SecuritySuite | F41: Renewal | G41: Anna Kowalski | H41: 80838.02 | I41: EUR
A42: BK10290 | B42: 45468 | C42: Customer 087 | D42: Central | E42: SecuritySuite | F42: New License | G42: Wei Chen | H42: 45227.37 | I42: USD
A43: BK10092 | B43: 06/10/2025 | C43: Customer 053 | D43: East | E43: AnalyticsAddon | F43: Support | G43: Tom Becker | H43: 113206.2 | I43: EUR
A44: BK10350 | B44: 02/29/2024 | C44: Customer 099 | D44: south | E44: AnalyticsAddon | F44: Renewal | G44: Anna Kowalski | H44: 20723.78 | I44: GBP
A45: BK10386 | B45: 2024-04-02 | C45: Customer 050 | D45: Central | E45: AnalyticsAddon | F45: Renewal | G45: Wei Chen | H45: 154708.68 | I45: GBP
A46: BK10180 | B46: 45594 | C46: Customer 078 | D46: Central | E46: DataConnect | F46: Renewal | G46: Luis Ortega | H46: 125088.37 | I46: USD
A47: BK10379 | B47: 12/05/2024 | C47: Customer 096 | D47: west | E47: SecuritySuite | F47: Support | G47: Maria Garcia | H47: 6581.22 | I47: INR
A48: BK10179 | B48: 45565 | C48: Customer 011 | D48: EAST | E48: AnalyticsAddon | F48: Support | G48: Tom Becker | H48: 59854.42 | I48: USD
A49: BK10031 | B49: 2024-03-15 | C49: Customer 080 | D49: East | E49: CorePlatform | F49: Renewal | G49: Tom Becker | H49: 92541.59 | I49: USD
A50: BK10008 | B50: 2024-08-12 | C50: Customer 030 | D50: Central | E50: SecuritySuite | F50: Services | G50: Wei Chen | H50: 50390.14 | I50: USD
A51: BK10100 | B51: 45336 | C51: Customer 091 | D51: central | E51: DataConnect | F51: Renewal | G51: Luis Ortega | H51: 90673.17 | I51: USD
A52: BK10321 | B52: 45359 | C52: Customer 094 | D52: Central | E52: CorePlatform | F52: Renewal | G52: Luis Ortega | H52: 18259.67 | I52: EUR
A53: BK10119 | B53: 03/05/2025 | C53: Customer 084 | D53: West | E53: DataConnect | F53: Services | G53: Sara Cohen | H53: 169212.39 | I53: USD
A54: BK10248 | B54: 01/16/2024 | C54: Customer 095 | D54: West | E54: DataConnect | F54: Renewal | G54: Maria Garcia | H54: 126125.85 | I54: GBP
A55: BK10229 | B55: 45674 | C55: Customer 097 | D55: south | E55: AnalyticsAddon | F55: Renewal | G55: Anna Kowalski | H55: 123420.52 | I55: EUR
A56: BK10049 | B56: 06/07/2025 | C56: Customer 085 | D56: South | E56: SecuritySuite | F56: Support | G56: Priya Sharma | H56: 19529.53 | I56: BRL
A57: BK10249 | B57: 02/10/2025 | C57: Customer 100 | D57: west | E57: DataConnect | F57: Services | G57: Sara Cohen | H57: 97456.07 | I57: USD
A58: BK10150 | B58: 45602 | C58: Customer 046 | D58: Central | E58: CorePlatform | F58: Support | G58: Wei Chen | H58: 84728.42 | I58: USD
A59: BK10075 | B59: 12/26/2024 | C59: Customer 040 | D59: SOUTH | E59: AnalyticsAddon | F59: New License | G59: Anna Kowalski | H59: 130667.33 | I59: USD
A60: BK10300 | B60: 45565 | C60: Customer 097 | D60: EAST | E60: CorePlatform | F60: Support | G60: John Smith | H60: 156467.42 | I60: USD
A61: BK10157 | B61: 45693 | C61: Customer 040 | D61: West | E61: DataConnect | F61: Support | G61: Maria Garcia | H61: 146933.71 | I61: GBP
A62: BK10170 | B62: 2024-11-04 | C62: Customer 031 | D62: EAST | E62: DataConnect | F62: New License | G62: John Smith | H62: 22621.85 | I62: CAD
A63: BK10111 | B63: 45342 | C63: Customer 100 | D63: South | E63: SecuritySuite | F63: Renewal | G63: Anna Kowalski | H63: 115681.36 | I63: GBP
A64: BK10048 | B64: 2024-11-07 | C64: Customer 056 | D64: Central | E64: SecuritySuite | F64: Services | G64: Wei Chen | H64: 81196.12 | I64: GBP
A65: BK10104 | B65: 10/21/2024 | C65: Customer 056 | D65: West | E65: CorePlatform | F65: Services | G65: Maria Garcia | H65: 32446.57 | I65: USD
A66: BK10282 | B66: 45823 | C66: Customer 048 | D66: west | E66: DataConnect | F66: Renewal | G66: Sara Cohen | H66: 64059.23 | I66: USD
A67: BK10223 | B67: 45489 | C67: Customer 021 | D67: EAST | E67: SecuritySuite | F67: Renewal | G67: Tom Becker | H67: 5492.9 | I67: USD
A68: BK10225 | B68: 45389 | C68: Customer 062 | D68: west | E68: AnalyticsAddon | F68: New License | G68: Maria Garcia | H68: 49158.99 | I68: USD
A69: BK10027 | B69: 45354 | C69: Customer 007 | D69: Central | E69: DataConnect | F69: Renewal | G69: Wei Chen | H69: 13067.69 | I69: EUR
A70: BK10050 | B70: 45532 | C70: Customer 104 | D70: Central | E70: AnalyticsAddon | F70: New License | G70: Wei Chen | H70: 11179.83 | I70: BRL
A71: BK10230 | B71: 2024-03-24 | C71: Customer 010 | D71: south | E71: CorePlatform | F71: New License | G71: Anna Kowalski | H71: 149693.01 | I71: CAD
A72: BK10243 | B72: 45799 | C72: Customer 083 | D72: EAST | E72: SecuritySuite | F72: Services | G72: Tom Becker | H72: 75261.87 | I72: USD
A73: BK10270 | B73: 45397 | C73: Customer 046 | D73: East | E73: SecuritySuite | F73: Services | G73: John Smith | H73: 5184.29 | I73: EUR
A74: BK10032 | B74: 2024-12-23 | C74: Customer 048 | D74: east | E74: AnalyticsAddon | F74: Services | G74: John Smith | H74: 150572.86 | I74: GBP
A75: BK10310 | B75: 45415 | C75: Customer 062 | D75: South | E75: AnalyticsAddon | F75: Services | G75: Priya Sharma | H75: 18811.6 | I75: INR
A76: BK10307 | B76: 2024-07-26 | C76: Customer 021 | D76: west | E76: CorePlatform | F76: Support | G76: Sara Cohen | H76: 47318.9 | I76: USD
A77: BK10017 | B77: 08/04/2024 | C77: Customer 052 | D77: West | E77: SecuritySuite | F77: Services | G77: Sara Cohen | H77: 162231.69 | I77: EUR
A78: BK10182 | B78: 06/09/2025 | C78: Customer 019 | D78: West | E78: DataConnect | F78: New License | G78: Maria Garcia | H78: 25342.71 | I78: USD
A79: BK10021 | B79: 07/13/2024 | C79: Customer 085 | D79: EAST | E79: SecuritySuite | F79: Services | G79: John Smith | H79: 75765.1 | I79: CAD
A80: BK10005 | B80: 2025-01-05 | C80: Customer 006 | D80: West | E80: AnalyticsAddon | F80: Support | G80: Maria Garcia | H80: 177384.21 | I80: CAD
A81: BK10236 | B81: 45678 | C81: Customer 088 | D81: south | E81: AnalyticsAddon | F81: Support | G81: Priya Sharma | H81: 23998.07 | I81: BRL
A82: BK10047 | B82: 05/10/2024 | C82: Customer 086 | D82: west | E82: AnalyticsAddon | F82: Support | G82: Sara Cohen | H82: 74875.3 | I82: INR
A83: BK10288 | B83: 03/05/2024 | C83: Customer 047 | D83: east | E83: AnalyticsAddon | F83: Services | G83: John Smith | H83: 23170.03 | I83: GBP
A84: BK10306 | B84: 45762 | C84: Customer 119 | D84: East | E84: DataConnect | F84: Services | G84: John Smith | H84: 3119.64 | I84: BRL
A85: BK10037 | B85: 06/01/2024 | C85: Customer 075 | D85: East | E85: DataConnect | F85: Renewal | G85: Tom Becker | H85: 10403.71 | I85: USD
A86: BK10234 | B86: 03/15/2024 | C86: Customer 045 | D86: East | E86: CorePlatform | F86: New License | G86: Tom Becker | H86: 177546.29 | I86: EUR
A87: BK10275 | B87: 2024-05-19 | C87: Customer 078 | D87: Central | E87: AnalyticsAddon | F87: Services | G87: Luis Ortega | H87: 58610.44 | I87: BRL
A88: BK10216 | B88: 12/20/2024 | C88: Customer 096 | D88: SOUTH | E88: AnalyticsAddon | F88: Renewal | G88: Anna Kowalski | H88: 149547.45 | I88: USD
A89: BK10245 | B89: 02/26/2025 | C89: Customer 050 | D89: South | E89: SecuritySuite | F89: Renewal | G89: Priya Sharma | H89: 61456.55 | I89: USD
A90: BK10328 | B90: 45328 | C90: Customer 042 | D90: South | E90: DataConnect | F90: Support | G90: Priya Sharma | H90: 51012.66 | I90: USD
A91: BK10094 | B91: 01/30/2024 | C91: Customer 040 | D91: West | E91: CorePlatform | F91: Services | G91: Maria Garcia | H91: 19498.03 | I91: BRL
A92: BK10146 | B92: 45738 | C92: Customer 051 | D92: SOUTH | E92: SecuritySuite | F92: Renewal | G92: Priya Sharma | H92: 61953.15 | I92: USD
A93: BK10014 | B93: 45597 | C93: Customer 048 | D93: West | E93: CorePlatform | F93: Support | G93: Maria Garcia | H93: 89483.21 | I93: USD
A94: BK10220 | B94: 2024-10-19 | C94: Customer 084 | D94: East | E94: CorePlatform | F94: Renewal | G94: John Smith | H94: 76965.64 | I94: INR
A95: BK10231 | B95: 07/26/2024 | C95: Customer 042 | D95: West | E95: DataConnect | F95: New License | G95: Maria Garcia | H95: 123412.26 | I95: GBP
A96: BK10205 | B96: 45639 | C96: Customer 026 | D96: Central | E96: DataConnect | F96: New License | G96: Wei Chen | H96: 11018.69 | I96: USD
A97: BK10362 | B97: 45522 | C97: Customer 010 | D97: West | E97: SecuritySuite | F97: New License | G97: Sara Cohen | H97: 59412.89 | I97: BRL
A98: BK10363 | B98: 2024-03-16 | C98: Customer 114 | D98: central | E98: AnalyticsAddon | F98: New License | G98: Wei Chen | H98: 99827.19 | I98: CAD
A99: BK10143 | B99: 01/24/2025 | C99: Customer 010 | D99: west | E99: CorePlatform | F99: Services | G99: Sara Cohen | H99: 6317.25 | I99: CAD
A100: BK10272 | B100: 45441 | C100: Customer 056 | D100: east | E100: DataConnect | F100: Support | G100: John Smith | H100: 88708.94 | I100: USD
...

Sheet Rates
A1: Currency | B1: Rate to USD | C1: Effective Date | D1: Source
A2: USD | B2: 1 | C2: 45292 | D2: Finance rate card | F2: Priya updates rates on the 1st. DO NOT TOUCH!!
A3: EUR | B3: 1.09 | C3: 45292 | D3: Finance rate card
A4: GBP | B4: 1.28 | C4: 45292 | D4: Finance rate card | F4: TODO: add BRL when Brazil deals close (ask Finance)
A5: INR | B5: 0.012 | C5: 45292 | D5: Finance rate card
A6: CAD | B6: 0.74 | C6: 45292 | D6: Finance rate card

Sheet Rep_Targets
A1: Rep ID | B1: Sales Rep | C1: Target Year | D1: Annual Quota (USD)
A2: REP001 | B2: Jon Smith | C2: 2024 | D2: 1400000
A3: REP002 | B3: Maria Garcia | C3: 2024 | D3: 1250000
A4: REP003 | B4: Wei Chen | C4: 2024 | D4: 900000
A5: REP004 | B5: Priya Sharma | C5: 2024 | D5: 1400000
A6: REP005 | B6: Tom Becker | C6: 2024 | D6: 1100000
A7: REP006 | B7: Sara Cohen | C7: 2024 | D7: 1250000
A8: REP007 | B8: Luis Ortega | C8: 2024 | D8: 1400000
A9: REP008 | B9: Ana Kowalski | C9: 2024 | D9: 1100000

Sheet Rep_Master
A1: Alias Name | B1: Canonical Name | C1: Rep ID | D1: Region
A2: John Smith | B2: John Smith | C2: REP001 | D2: East
A3: Jon Smith | B3: John Smith | C3: REP001 | D3: East
A4: Maria Garcia | B4: Maria Garcia | C4: REP002 | D4: West
A5: Wei Chen | B5: Wei Chen | C5: REP003 | D5: Central
A6: Priya Sharma | B6: Priya Sharma | C6: REP004 | D6: South
A7: Tom Becker | B7: Tom Becker | C7: REP005 | D7: East
A8: Sara Cohen | B8: Sara Cohen | C8: REP006 | D8: West
A9: Luis Ortega | B9: Luis Ortega | C9: REP007 | D9: Central
A10: Anna Kowalski | B10: Anna Kowalski | C10: REP008 | D10: South
A11: Ana Kowalski | B11: Anna Kowalski | C11: REP008 | D11: South

Sheet Calc
A1: BookingID | B1: Clean Region | C1: Amount USD | D1: Deal Category | E1: Rep ID | F1: Rep Quota | G1: Attainment Status | H1: Adjusted USD | I1: Adjustment ID | J1: Adjustment Source
A2: =Raw_Bookings!A3 | B2: =IF(TRIM(LOWER(Raw_Bookings!D3))="east","East",IF(TRIM(LOWER(Raw_Bookings!D3))="west","West",IF(TRIM(LOWER(Raw_Bookings!D3))="central","Central",IF(TRIM(LOWER(Raw_Bookings!D3))="south","South","UNKNOWN")))) | C2: =IFERROR(Raw_Bookings!H3*VLOOKUP(Raw_Bookings!I3,Rates!$A$2:$B$6,2,FALSE),Raw_Bookings!H3) | D2: =IF(Raw_Bookings!F3="New License","NEW",IF(OR(Raw_Bookings!F3="Renewal",Raw_Bookings!F3="Support"),"RECURRING","OTHER")) | E2: =IFERROR(VLOOKUP(Raw_Bookings!G3,Rep_Master!$A$2:$D$18,3,FALSE),"") | F2: =IFERROR(VLOOKUP(E2,Rep_Targets!$A$2:$D$9,4,FALSE),0) | G2: =IF(F2=0,"NO QUOTA FOUND",IF(C2>=F2*0.25,"On Track","Behind")) | H2: =C2*IF(B2="West",0.95,1)
A3: =Raw_Bookings!A4 | B3: =IF(TRIM(LOWER(Raw_Bookings!D4))="east","East",IF(TRIM(LOWER(Raw_Bookings!D4))="west","West",IF(TRIM(LOWER(Raw_Bookings!D4))="central","Central",IF(TRIM(LOWER(Raw_Bookings!D4))="south","South","UNKNOWN")))) | C3: =IFERROR(Raw_Bookings!H4*VLOOKUP(Raw_Bookings!I4,Rates!$A$2:$B$6,2,FALSE),Raw_Bookings!H4) | D3: =IF(Raw_Bookings!F4="New License","NEW",IF(OR(Raw_Bookings!F4="Renewal",Raw_Bookings!F4="Support"),"RECURRING","OTHER")) | E3: =IFERROR(VLOOKUP(Raw_Bookings!G4,Rep_Master!$A$2:$D$18,3,FALSE),"") | F3: =IFERROR(VLOOKUP(E3,Rep_Targets!$A$2:$D$9,4,FALSE),0) | G3: =IF(F3=0,"NO QUOTA FOUND",IF(C3>=F3*0.25,"On Track","Behind")) | H3: =C3*IF(B3="West",0.95,1)
A4: =Raw_Bookings!A5 | B4: =IF(TRIM(LOWER(Raw_Bookings!D5))="east","East",IF(TRIM(LOWER(Raw_Bookings!D5))="west","West",IF(TRIM(LOWER(Raw_Bookings!D5))="central","Central",IF(TRIM(LOWER(Raw_Bookings!D5))="south","South","UNKNOWN")))) | C4: =IFERROR(Raw_Bookings!H5*VLOOKUP(Raw_Bookings!I5,Rates!$A$2:$B$6,2,FALSE),Raw_Bookings!H5) | D4: =IF(Raw_Bookings!F5="New License","NEW",IF(OR(Raw_Bookings!F5="Renewal",Raw_Bookings!F5="Support"),"RECURRING","OTHER")) | E4: =IFERROR(VLOOKUP(Raw_Bookings!G5,Rep_Master!$A$2:$D$18,3,FALSE),"") | F4: =IFERROR(VLOOKUP(E4,Rep_Targets!$A$2:$D$9,4,FALSE),0) | G4: =IF(F4=0,"NO QUOTA FOUND",IF(C4>=F4*0.25,"On Track","Behind")) | H4: =C4*IF(B4="West",0.95,1)
A5: =Raw_Bookings!A6 | B5: =IF(TRIM(LOWER(Raw_Bookings!D6))="east","East",IF(TRIM(LOWER(Raw_Bookings!D6))="west","West",IF(TRIM(LOWER(Raw_Bookings!D6))="central","Central",IF(TRIM(LOWER(Raw_Bookings!D6))="south","South","UNKNOWN")))) | C5: =IFERROR(Raw_Bookings!H6*VLOOKUP(Raw_Bookings!I6,Rates!$A$2:$B$6,2,FALSE),Raw_Bookings!H6) | D5: =IF(Raw_Bookings!F6="New License","NEW",IF(OR(Raw_Bookings!F6="Renewal",Raw_Bookings!F6="Support"),"RECURRING","OTHER")) | E5: =IFERROR(VLOOKUP(Raw_Bookings!G6,Rep_Master!$A$2:$D$18,3,FALSE),"") | F5: =IFERROR(VLOOKUP(E5,Rep_Targets!$A$2:$D$9,4,FALSE),0) | G5: =IF(F5=0,"NO QUOTA FOUND",IF(C5>=F5*0.25,"On Track","Behind")) | H5: =C5*IF(B5="West",0.95,1)
A6: =Raw_Bookings!A7 | B6: =IF(TRIM(LOWER(Raw_Bookings!D7))="east","East",IF(TRIM(LOWER(Raw_Bookings!D7))="west","West",IF(TRIM(LOWER(Raw_Bookings!D7))="central","Central",IF(TRIM(LOWER(Raw_Bookings!D7))="south","South","UNKNOWN")))) | C6: =IFERROR(Raw_Bookings!H7*VLOOKUP(Raw_Bookings!I7,Rates!$A$2:$B$6,2,FALSE),Raw_Bookings!H7) | D6: =IF(Raw_Bookings!F7="New License","NEW",IF(OR(Raw_Bookings!F7="Renewal",Raw_Bookings!F7="Support"),"RECURRING","OTHER")) | E6: =IFERROR(VLOOKUP(Raw_Bookings!G7,Rep_Master!$A$2:$D$18,3,FALSE),"") | F6: =IFERROR(VLOOKUP(E6,Rep_Targets!$A$2:$D$9,4,FALSE),0) | G6: =IF(F6=0,"NO QUOTA FOUND",IF(C6>=F6*0.25,"On Track","Behind")) | H6: =C6*IF(B6="West",0.95,1)
A7: =Raw_Bookings!A8 | B7: =IF(TRIM(LOWER(Raw_Bookings!D8))="east","East",IF(TRIM(LOWER(Raw_Bookings!D8))="west","West",IF(TRIM(LOWER(Raw_Bookings!D8))="central","Central",IF(TRIM(LOWER(Raw_Bookings!D8))="south","South","UNKNOWN")))) | C7: =IFERROR(Raw_Bookings!H8*VLOOKUP(Raw_Bookings!I8,Rates!$A$2:$B$6,2,FALSE),Raw_Bookings!H8) | D7: =IF(Raw_Bookings!F8="New License","NEW",IF(OR(Raw_Bookings!F8="Renewal",Raw_Bookings!F8="Support"),"RECURRING","OTHER")) | E7: =IFERROR(VLOOKUP(Raw_Bookings!G8,Rep_Master!$A$2:$D$18,3,FALSE),"") | F7: =IFERROR(VLOOKUP(E7,Rep_Targets!$A$2:$D$9,4,FALSE),0) | G7: =IF(F7=0,"NO QUOTA FOUND",IF(C7>=F7*0.25,"On Track","Behind")) | H7: =C7*IF(B7="West",0.95,1)
A8: =Raw_Bookings!A9 | B8: =IF(TRIM(LOWER(Raw_Bookings!D9))="east","East",IF(TRIM(LOWER(Raw_Bookings!D9))="west","West",IF(TRIM(LOWER(Raw_Bookings!D9))="central","Central",IF(TRIM(LOWER(Raw_Bookings!D9))="south","South","UNKNOWN")))) | C8: =IFERROR(Raw_Bookings!H9*VLOOKUP(Raw_Bookings!I9,Rates!$A$2:$B$6,2,FALSE),Raw_Bookings!H9) | D8: =IF(Raw_Bookings!F9="New License","NEW",IF(OR(Raw_Bookings!F9="Renewal",Raw_Bookings!F9="Support"),"RECURRING","OTHER")) | E8: =IFERROR(VLOOKUP(Raw_Bookings!G9,Rep_Master!$A$2:$D$18,3,FALSE),"") | F8: =IFERROR(VLOOKUP(E8,Rep_Targets!$A$2:$D$9,4,FALSE),0) | G8: =IF(F8=0,"NO QUOTA FOUND",IF(C8>=F8*0.25,"On Track","Behind")) | H8: =C8*IF(B8="West",0.95,1)
A9: =Raw_Bookings!A10 | B9: =IF(TRIM(LOWER(Raw_Bookings!D10))="east","East",IF(TRIM(LOWER(Raw_Bookings!D10))="west","West",IF(TRIM(LOWER(Raw_Bookings!D10))="central","Central",IF(TRIM(LOWER(Raw_Bookings!D10))="south","South","UNKNOWN")))) | C9: =IFERROR(Raw_Bookings!H10*VLOOKUP(Raw_Bookings!I10,Rates!$A$2:$B$6,2,FALSE),Raw_Bookings!H10) | D9: =IF(Raw_Bookings!F10="New License","NEW",IF(OR(Raw_Bookings!F10="Renewal",Raw_Bookings!F10="Support"),"RECURRING","OTHER")) | E9: =IFERROR(VLOOKUP(Raw_Bookings!G10,Rep_Master!$A$2:$D$18,3,FALSE),"") | F9: =IFERROR(VLOOKUP(E9,Rep_Targets!$A$2:$D$9,4,FALSE),0) | G9: =IF(F9=0,"NO QUOTA FOUND",IF(C9>=F9*0.25,"On Track","Behind")) | H9: =C9*IF(B9="West",0.95,1)
A10: =Raw_Bookings!A11 | B10: =IF(TRIM(LOWER(Raw_Bookings!D11))="east","East",IF(TRIM(LOWER(Raw_Bookings!D11))="west","West",IF(TRIM(LOWER(Raw_Bookings!D11))="central","Central",IF(TRIM(LOWER(Raw_Bookings!D11))="south","South","UNKNOWN")))) | C10: =IFERROR(Raw_Bookings!H11*VLOOKUP(Raw_Bookings!I11,Rates!$A$2:$B$6,2,FALSE),Raw_Bookings!H11) | D10: =IF(Raw_Bookings!F11="New License","NEW",IF(OR(Raw_Bookings!F11="Renewal",Raw_Bookings!F11="Support"),"RECURRING","OTHER")) | E10: =IFERROR(VLOOKUP(Raw_Bookings!G11,Rep_Master!$A$2:$D$18,3,FALSE),"") | F10: =IFERROR(VLOOKUP(E10,Rep_Targets!$A$2:$D$9,4,FALSE),0) | G10: =IF(F10=0,"NO QUOTA FOUND",IF(C10>=F10*0.25,"On Track","Behind")) | H10: =C10*IF(B10="West",0.95,1)
A11: =Raw_Bookings!A12 | B11: =IF(TRIM(LOWER(Raw_Bookings!D12))="east","East",IF(TRIM(LOWER(Raw_Bookings!D12))="west","West",IF(TRIM(LOWER(Raw_Bookings!D12))="central","Central",IF(TRIM(LOWER(Raw_Bookings!D12))="south","South","UNKNOWN")))) | C11: =IFERROR(Raw_Bookings!H12*VLOOKUP(Raw_Bookings!I12,Rates!$A$2:$B$6,2,FALSE),Raw_Bookings!H12) | D11: =IF(Raw_Bookings!F12="New License","NEW",IF(OR(Raw_Bookings!F12="Renewal",Raw_Bookings!F12="Support"),"RECURRING","OTHER")) | E11: =IFERROR(VLOOKUP(Raw_Bookings!G12,Rep_Master!$A$2:$D$18,3,FALSE),"") | F11: =IFERROR(VLOOKUP(E11,Rep_Targets!$A$2:$D$9,4,FALSE),0) | G11: =IF(F11=0,"NO QUOTA FOUND",IF(C11>=F11*0.25,"On Track","Behind")) | H11: =C11*IF(B11="West",0.95,1)
A12: =Raw_Bookings!A13 | B12: =IF(TRIM(LOWER(Raw_Bookings!D13))="east","East",IF(TRIM(LOWER(Raw_Bookings!D13))="west","West",IF(TRIM(LOWER(Raw_Bookings!D13))="central","Central",IF(TRIM(LOWER(Raw_Bookings!D13))="south","South","UNKNOWN")))) | C12: =IFERROR(Raw_Bookings!H13*VLOOKUP(Raw_Bookings!I13,Rates!$A$2:$B$6,2,FALSE),Raw_Bookings!H13) | D12: =IF(Raw_Bookings!F13="New License","NEW",IF(OR(Raw_Bookings!F13="Renewal",Raw_Bookings!F13="Support"),"RECURRING","OTHER")) | E12: =IFERROR(VLOOKUP(Raw_Bookings!G13,Rep_Master!$A$2:$D$18,3,FALSE),"") | F12: =IFERROR(VLOOKUP(E12,Rep_Targets!$A$2:$D$9,4,FALSE),0) | G12: =IF(F12=0,"NO QUOTA FOUND",IF(C12>=F12*0.25,"On Track","Behind")) | H12: =C12*IF(B12="West",0.95,1)
A13: =Raw_Bookings!A14 | B13: =IF(TRIM(LOWER(Raw_Bookings!D14))="east","East",IF(TRIM(LOWER(Raw_Bookings!D14))="west","West",IF(TRIM(LOWER(Raw_Bookings!D14))="central","Central",IF(TRIM(LOWER(Raw_Bookings!D14))="south","South","UNKNOWN")))) | C13: =IFERROR(Raw_Bookings!H14*VLOOKUP(Raw_Bookings!I14,Rates!$A$2:$B$6,2,FALSE),Raw_Bookings!H14) | D13: =IF(Raw_Bookings!F14="New License","NEW",IF(OR(Raw_Bookings!F14="Renewal",Raw_Bookings!F14="Support"),"RECURRING","OTHER")) | E13: =IFERROR(VLOOKUP(Raw_Bookings!G14,Rep_Master!$A$2:$D$18,3,FALSE),"") | F13: =IFERROR(VLOOKUP(E13,Rep_Targets!$A$2:$D$9,4,FALSE),0) | G13: =IF(F13=0,"NO QUOTA FOUND",IF(C13>=F13*0.25,"On Track","Behind")) | H13: =C13*IF(B13="West",0.95,1)
... A43: =Raw_Bookings!A44 | B43: =IF(TRIM(LOWER(Raw_Bookings!D44))="east","East",IF(TRIM(LOWER(Raw_Bookings!D44))="west","West",IF(TRIM(LOWER(Raw_Bookings!D44))="central","Central",IF(TRIM(LOWER(Raw_Bookings!D44))="south","South","UNKNOWN")))) | C43: =IFERROR(Raw_Bookings!H44*VLOOKUP(Raw_Bookings!I44,Rates!$A$2:$B$6,2,FALSE),Raw_Bookings!H44) | D43: =IF(Raw_Bookings!F44="New License","NEW",IF(OR(Raw_Bookings!F44="Renewal",Raw_Bookings!F44="Support"),"RECURRING","OTHER")) | E43: =IFERROR(VLOOKUP(Raw_Bookings!G44,Rep_Master!$A$2:$D$18,3,FALSE),"") | F43: =IFERROR(VLOOKUP(E43,Rep_Targets!$A$2:$D$9,4,FALSE),0) | G43: =IF(F43=0,"NO QUOTA FOUND",IF(C43>=F43*0.25,"On Track","Behind")) | H43: =C43*IF(B43="West",0.95,1)
A44: =Raw_Bookings!A45 | B44: =IF(TRIM(LOWER(Raw_Bookings!D45))="east","East",IF(TRIM(LOWER(Raw_Bookings!D45))="west","West",IF(TRIM(LOWER(Raw_Bookings!D45))="central","Central",IF(TRIM(LOWER(Raw_Bookings!D45))="south","South","UNKNOWN")))) | C44: =IFERROR(Raw_Bookings!H45*VLOOKUP(Raw_Bookings!I45,Rates!$A$2:$B$6,2,FALSE),Raw_Bookings!H45) | D44: =IF(Raw_Bookings!F45="New License","NEW",IF(OR(Raw_Bookings!F45="Renewal",Raw_Bookings!F45="Support"),"RECURRING","OTHER")) | E44: =IFERROR(VLOOKUP(Raw_Bookings!G45,Rep_Master!$A$2:$D$18,3,FALSE),"") | F44: =IFERROR(VLOOKUP(E44,Rep_Targets!$A$2:$D$9,4,FALSE),0) | G44: =IF(F44=0,"NO QUOTA FOUND",IF(C44>=F44*0.25,"On Track","Behind")) | H44: 26913.42 | I44: ADJ043 | J44: mgr adj - see email 3/12
A45: =Raw_Bookings!A46 | B45: =IF(TRIM(LOWER(Raw_Bookings!D46))="east","East",IF(TRIM(LOWER(Raw_Bookings!D46))="west","West",IF(TRIM(LOWER(Raw_Bookings!D46))="central","Central",IF(TRIM(LOWER(Raw_Bookings!D46))="south","South","UNKNOWN")))) | C45: =IFERROR(Raw_Bookings!H46*VLOOKUP(Raw_Bookings!I46,Rates!$A$2:$B$6,2,FALSE),Raw_Bookings!H46) | D45: =IF(Raw_Bookings!F46="New License","NEW",IF(OR(Raw_Bookings!F46="Renewal",Raw_Bookings!F46="Support"),"RECURRING","OTHER")) | E45: =IFERROR(VLOOKUP(Raw_Bookings!G46,Rep_Master!$A$2:$D$18,3,FALSE),"") | F45: =IFERROR(VLOOKUP(E45,Rep_Targets!$A$2:$D$9,4,FALSE),0) | G45: =IF(F45=0,"NO QUOTA FOUND",IF(C45>=F45*0.25,"On Track","Behind")) | H45: =C45*IF(B45="West",0.95,1)
A46: =Raw_Bookings!A47 | B46: =IF(TRIM(LOWER(Raw_Bookings!D47))="east","East",IF(TRIM(LOWER(Raw_Bookings!D47))="west","West",IF(TRIM(LOWER(Raw_Bookings!D47))="central","Central",IF(TRIM(LOWER(Raw_Bookings!D47))="south","South","UNKNOWN")))) | C46: =IFERROR(Raw_Bookings!H47*VLOOKUP(Raw_Bookings!I47,Rates!$A$2:$B$6,2,FALSE),Raw_Bookings!H47) | D46: =IF(Raw_Bookings!F47="New License","NEW",IF(OR(Raw_Bookings!F47="Renewal",Raw_Bookings!F47="Support"),"RECURRING","OTHER")) | E46: =IFERROR(VLOOKUP(Raw_Bookings!G47,Rep_Master!$A$2:$D$18,3,FALSE),"") | F46: =IFERROR(VLOOKUP(E46,Rep_Targets!$A$2:$D$9,4,FALSE),0) | G46: =IF(F46=0,"NO QUOTA FOUND",IF(C46>=F46*0.25,"On Track","Behind")) | H46: =C46*IF(B46="West",0.95,1)
A47: =Raw_Bookings!A48 | B47: =IF(TRIM(LOWER(Raw_Bookings!D48))="east","East",IF(TRIM(LOWER(Raw_Bookings!D48))="west","West",IF(TRIM(LOWER(Raw_Bookings!D48))="central","Central",IF(TRIM(LOWER(Raw_Bookings!D48))="south","South","UNKNOWN")))) | C47: =IFERROR(Raw_Bookings!H48*VLOOKUP(Raw_Bookings!I48,Rates!$A$2:$B$6,2,FALSE),Raw_Bookings!H48) | D47: =IF(Raw_Bookings!F48="New License","NEW",IF(OR(Raw_Bookings!F48="Renewal",Raw_Bookings!F48="Support"),"RECURRING","OTHER")) | E47: =IFERROR(VLOOKUP(Raw_Bookings!G48,Rep_Master!$A$2:$D$18,3,FALSE),"") | F47: =IFERROR(VLOOKUP(E47,Rep_Targets!$A$2:$D$9,4,FALSE),0) | G47: =IF(F47=0,"NO QUOTA FOUND",IF(C47>=F47*0.25,"On Track","Behind")) | H47: =C47*IF(B47="West",0.95,1)
A48: =Raw_Bookings!A49 | B48: =IF(TRIM(LOWER(Raw_Bookings!D49))="east","East",IF(TRIM(LOWER(Raw_Bookings!D49))="west","West",IF(TRIM(LOWER(Raw_Bookings!D49))="central","Central",IF(TRIM(LOWER(Raw_Bookings!D49))="south","South","UNKNOWN")))) | C48: =IFERROR(Raw_Bookings!H49*VLOOKUP(Raw_Bookings!I49,Rates!$A$2:$B$6,2,FALSE),Raw_Bookings!H49) | D48: =IF(Raw_Bookings!F49="New License","NEW",IF(OR(Raw_Bookings!F49="Renewal",Raw_Bookings!F49="Support"),"RECURRING","OTHER")) | E48: =IFERROR(VLOOKUP(Raw_Bookings!G49,Rep_Master!$A$2:$D$18,3,FALSE),"") | F48: =IFERROR(VLOOKUP(E48,Rep_Targets!$A$2:$D$9,4,FALSE),0) | G48: =IF(F48=0,"NO QUOTA FOUND",IF(C48>=F48*0.25,"On Track","Behind")) | H48: =C48*IF(B48="West",0.95,1)
A49: =Raw_Bookings!A50 | B49: =IF(TRIM(LOWER(Raw_Bookings!D50))="east","East",IF(TRIM(LOWER(Raw_Bookings!D50))="west","West",IF(TRIM(LOWER(Raw_Bookings!D50))="central","Central",IF(TRIM(LOWER(Raw_Bookings!D50))="south","South","UNKNOWN")))) | C49: =IFERROR(Raw_Bookings!H50*VLOOKUP(Raw_Bookings!I50,Rates!$A$2:$B$6,2,FALSE),Raw_Bookings!H50) | D49: =IF(Raw_Bookings!F50="New License","NEW",IF(OR(Raw_Bookings!F50="Renewal",Raw_Bookings!F50="Support"),"RECURRING","OTHER")) | E49: =IFERROR(VLOOKUP(Raw_Bookings!G50,Rep_Master!$A$2:$D$18,3,FALSE),"") | F49: =IFERROR(VLOOKUP(E49,Rep_Targets!$A$2:$D$9,4,FALSE),0) | G49: =IF(F49=0,"NO QUOTA FOUND",IF(C49>=F49*0.25,"On Track","Behind")) | H49: =C49*IF(B49="West",0.95,1)
A50: =Raw_Bookings!A51 | B50: =IF(TRIM(LOWER(Raw_Bookings!D51))="east","East",IF(TRIM(LOWER(Raw_Bookings!D51))="west","West",IF(TRIM(LOWER(Raw_Bookings!D51))="central","Central",IF(TRIM(LOWER(Raw_Bookings!D51))="south","South","UNKNOWN")))) | C50: =IFERROR(Raw_Bookings!H51*VLOOKUP(Raw_Bookings!I51,Rates!$A$2:$B$6,2,FALSE),Raw_Bookings!H51) | D50: =IF(Raw_Bookings!F51="New License","NEW",IF(OR(Raw_Bookings!F51="Renewal",Raw_Bookings!F51="Support"),"RECURRING","OTHER")) | E50: =IFERROR(VLOOKUP(Raw_Bookings!G51,Rep_Master!$A$2:$D$18,3,FALSE),"") | F50: =IFERROR(VLOOKUP(E50,Rep_Targets!$A$2:$D$9,4,FALSE),0) | G50: =IF(F50=0,"NO QUOTA FOUND",IF(C50>=F50*0.25,"On Track","Behind")) | H50: =C50*IF(B50="West",0.95,1)
A51: =Raw_Bookings!A52 | B51: =IF(TRIM(LOWER(Raw_Bookings!D52))="east","East",IF(TRIM(LOWER(Raw_Bookings!D52))="west","West",IF(TRIM(LOWER(Raw_Bookings!D52))="central","Central",IF(TRIM(LOWER(Raw_Bookings!D52))="south","South","UNKNOWN")))) | C51: =IFERROR(Raw_Bookings!H52*VLOOKUP(Raw_Bookings!I52,Rates!$A$2:$B$6,2,FALSE),Raw_Bookings!H52) | D51: =IF(Raw_Bookings!F52="New License","NEW",IF(OR(Raw_Bookings!F52="Renewal",Raw_Bookings!F52="Support"),"RECURRING","OTHER")) | E51: =IFERROR(VLOOKUP(Raw_Bookings!G52,Rep_Master!$A$2:$D$18,3,FALSE),"") | F51: =IFERROR(VLOOKUP(E51,Rep_Targets!$A$2:$D$9,4,FALSE),0) | G51: =IF(F51=0,"NO QUOTA FOUND",IF(C51>=F51*0.25,"On Track","Behind")) | H51: =C51*IF(B51="West",0.95,1)
A52: =Raw_Bookings!A53 | B52: =IF(TRIM(LOWER(Raw_Bookings!D53))="east","East",IF(TRIM(LOWER(Raw_Bookings!D53))="west","West",IF(TRIM(LOWER(Raw_Bookings!D53))="central","Central",IF(TRIM(LOWER(Raw_Bookings!D53))="south","South","UNKNOWN")))) | C52: =IFERROR(Raw_Bookings!H53*VLOOKUP(Raw_Bookings!I53,Rates!$A$2:$B$6,2,FALSE),Raw_Bookings!H53) | D52: =IF(Raw_Bookings!F53="New License","NEW",IF(OR(Raw_Bookings!F53="Renewal",Raw_Bookings!F53="Support"),"RECURRING","OTHER")) | E52: =IFERROR(VLOOKUP(Raw_Bookings!G53,Rep_Master!$A$2:$D$18,3,FALSE),"") | F52: =IFERROR(VLOOKUP(E52,Rep_Targets!$A$2:$D$9,4,FALSE),0) | G52: =IF(F52=0,"NO QUOTA FOUND",IF(C52>=F52*0.25,"On Track","Behind")) | H52: =C52*IF(B52="West",0.95,1)
A53: =Raw_Bookings!A54 | B53: =IF(TRIM(LOWER(Raw_Bookings!D54))="east","East",IF(TRIM(LOWER(Raw_Bookings!D54))="west","West",IF(TRIM(LOWER(Raw_Bookings!D54))="central","Central",IF(TRIM(LOWER(Raw_Bookings!D54))="south","South","UNKNOWN")))) | C53: =IFERROR(Raw_Bookings!H54*VLOOKUP(Raw_Bookings!I54,Rates!$A$2:$B$6,2,FALSE),Raw_Bookings!H54) | D53: =IF(Raw_Bookings!F54="New License","NEW",IF(OR(Raw_Bookings!F54="Renewal",Raw_Bookings!F54="Support"),"RECURRING","OTHER")) | E53: =IFERROR(VLOOKUP(Raw_Bookings!G54,Rep_Master!$A$2:$D$18,3,FALSE),"") | F53: =IFERROR(VLOOKUP(E53,Rep_Targets!$A$2:$D$9,4,FALSE),0) | G53: =IF(F53=0,"NO QUOTA FOUND",IF(C53>=F53*0.25,"On Track","Behind")) | H53: =C53*IF(B53="West",0.95,1)
A54: =Raw_Bookings!A55 | B54: =IF(TRIM(LOWER(Raw_Bookings!D55))="east","East",IF(TRIM(LOWER(Raw_Bookings!D55))="west","West",IF(TRIM(LOWER(Raw_Bookings!D55))="central","Central",IF(TRIM(LOWER(Raw_Bookings!D55))="south","South","UNKNOWN")))) | C54: =IFERROR(Raw_Bookings!H55*VLOOKUP(Raw_Bookings!I55,Rates!$A$2:$B$6,2,FALSE),Raw_Bookings!H55) | D54: =IF(Raw_Bookings!F55="New License","NEW",IF(OR(Raw_Bookings!F55="Renewal",Raw_Bookings!F55="Support"),"RECURRING","OTHER")) | E54: =IFERROR(VLOOKUP(Raw_Bookings!G55,Rep_Master!$A$2:$D$18,3,FALSE),"") | F54: =IFERROR(VLOOKUP(E54,Rep_Targets!$A$2:$D$9,4,FALSE),0) | G54: =IF(F54=0,"NO QUOTA FOUND",IF(C54>=F54*0.25,"On Track","Behind")) | H54: =C54*IF(B54="West",0.95,1)
A55: =Raw_Bookings!A56 | B55: =IF(TRIM(LOWER(Raw_Bookings!D56))="east","East",IF(TRIM(LOWER(Raw_Bookings!D56))="west","West",IF(TRIM(LOWER(Raw_Bookings!D56))="central","Central",IF(TRIM(LOWER(Raw_Bookings!D56))="south","South","UNKNOWN")))) | C55: =IFERROR(Raw_Bookings!H56*VLOOKUP(Raw_Bookings!I56,Rates!$A$2:$B$6,2,FALSE),Raw_Bookings!H56) | D55: =IF(Raw_Bookings!F56="New License","NEW",IF(OR(Raw_Bookings!F56="Renewal",Raw_Bookings!F56="Support"),"RECURRING","OTHER")) | E55: =IFERROR(VLOOKUP(Raw_Bookings!G56,Rep_Master!$A$2:$D$18,3,FALSE),"") | F55: =IFERROR(VLOOKUP(E55,Rep_Targets!$A$2:$D$9,4,FALSE),0) | G55: =IF(F55=0,"NO QUOTA FOUND",IF(C55>=F55*0.25,"On Track","Behind")) | H55: =C55*IF(B55="West",0.95,1)
A56: =Raw_Bookings!A57 | B56: =IF(TRIM(LOWER(Raw_Bookings!D57))="east","East",IF(TRIM(LOWER(Raw_Bookings!D57))="west","West",IF(TRIM(LOWER(Raw_Bookings!D57))="central","Central",IF(TRIM(LOWER(Raw_Bookings!D57))="south","South","UNKNOWN")))) | C56: =IFERROR(Raw_Bookings!H57*VLOOKUP(Raw_Bookings!I57,Rates!$A$2:$B$6,2,FALSE),Raw_Bookings!H57) | D56: =IF(Raw_Bookings!F57="New License","NEW",IF(OR(Raw_Bookings!F57="Renewal",Raw_Bookings!F57="Support"),"RECURRING","OTHER")) | E56: =IFERROR(VLOOKUP(Raw_Bookings!G57,Rep_Master!$A$2:$D$18,3,FALSE),"") | F56: =IFERROR(VLOOKUP(E56,Rep_Targets!$A$2:$D$9,4,FALSE),0) | G56: =IF(F56=0,"NO QUOTA FOUND",IF(C56>=F56*0.25,"On Track","Behind")) | H56: =C56*IF(B56="West",0.95,1)
... A146: =Raw_Bookings!A147 | B146: =IF(TRIM(LOWER(Raw_Bookings!D147))="east","East",IF(TRIM(LOWER(Raw_Bookings!D147))="west","West",IF(TRIM(LOWER(Raw_Bookings!D147))="central","Central",IF(TRIM(LOWER(Raw_Bookings!D147))="south","South","UNKNOWN")))) | C146: =IFERROR(Raw_Bookings!H147*VLOOKUP(Raw_Bookings!I147,Rates!$A$2:$B$6,2,FALSE),Raw_Bookings!H147) | D146: =IF(Raw_Bookings!F147="New License","NEW",IF(OR(Raw_Bookings!F147="Renewal",Raw_Bookings!F147="Support"),"RECURRING","OTHER")) | E146: =IFERROR(VLOOKUP(Raw_Bookings!G147,Rep_Master!$A$2:$D$18,3,FALSE),"") | F146: =IFERROR(VLOOKUP(E146,Rep_Targets!$A$2:$D$9,4,FALSE),0) | G146: =IF(F146=0,"NO QUOTA FOUND",IF(C146>=F146*0.25,"On Track","Behind")) | H146: =C146*IF(B146="West",0.95,1)
A147: =Raw_Bookings!A148 | B147: =IF(TRIM(LOWER(Raw_Bookings!D148))="east","East",IF(TRIM(LOWER(Raw_Bookings!D148))="west","West",IF(TRIM(LOWER(Raw_Bookings!D148))="central","Central",IF(TRIM(LOWER(Raw_Bookings!D148))="south","South","UNKNOWN")))) | C147: =IFERROR(Raw_Bookings!H148*VLOOKUP(Raw_Bookings!I148,Rates!$A$2:$B$6,2,FALSE),Raw_Bookings!H148) | D147: =IF(Raw_Bookings!F148="New License","NEW",IF(OR(Raw_Bookings!F148="Renewal",Raw_Bookings!F148="Support"),"RECURRING","OTHER")) | E147: =IFERROR(VLOOKUP(Raw_Bookings!G148,Rep_Master!$A$2:$D$18,3,FALSE),"") | F147: =IFERROR(VLOOKUP(E147,Rep_Targets!$A$2:$D$9,4,FALSE),0) | G147: =IF(F147=0,"NO QUOTA FOUND",IF(C147>=F147*0.25,"On Track","Behind")) | H147: 5464.9 | I147: ADJ146 | J147: mgr adj - see email 3/12
A148: =Raw_Bookings!A149 | B148: =IF(TRIM(LOWER(Raw_Bookings!D149))="east","East",IF(TRIM(LOWER(Raw_Bookings!D149))="west","West",IF(TRIM(LOWER(Raw_Bookings!D149))="central","Central",IF(TRIM(LOWER(Raw_Bookings!D149))="south","South","UNKNOWN")))) | C148: =IFERROR(Raw_Bookings!H149*VLOOKUP(Raw_Bookings!I149,Rates!$A$2:$B$6,2,FALSE),Raw_Bookings!H149) | D148: =IF(Raw_Bookings!F149="New License","NEW",IF(OR(Raw_Bookings!F149="Renewal",Raw_Bookings!F149="Support"),"RECURRING","OTHER")) | E148: =IFERROR(VLOOKUP(Raw_Bookings!G149,Rep_Master!$A$2:$D$18,3,FALSE),"") | F148: =IFERROR(VLOOKUP(E148,Rep_Targets!$A$2:$D$9,4,FALSE),0) | G148: =IF(F148=0,"NO QUOTA FOUND",IF(C148>=F148*0.25,"On Track","Behind")) | H148: =C148*IF(B148="West",0.95,1)
A149: =Raw_Bookings!A150 | B149: =IF(TRIM(LOWER(Raw_Bookings!D150))="east","East",IF(TRIM(LOWER(Raw_Bookings!D150))="west","West",IF(TRIM(LOWER(Raw_Bookings!D150))="central","Central",IF(TRIM(LOWER(Raw_Bookings!D150))="south","South","UNKNOWN")))) | C149: =IFERROR(Raw_Bookings!H150*VLOOKUP(Raw_Bookings!I150,Rates!$A$2:$B$6,2,FALSE),Raw_Bookings!H150) | D149: =IF(Raw_Bookings!F150="New License","NEW",IF(OR(Raw_Bookings!F150="Renewal",Raw_Bookings!F150="Support"),"RECURRING","OTHER")) | E149: =IFERROR(VLOOKUP(Raw_Bookings!G150,Rep_Master!$A$2:$D$18,3,FALSE),"") | F149: =IFERROR(VLOOKUP(E149,Rep_Targets!$A$2:$D$9,4,FALSE),0) | G149: =IF(F149=0,"NO QUOTA FOUND",IF(C149>=F149*0.25,"On Track","Behind")) | H149: =C149*IF(B149="West",0.95,1)
A150: =Raw_Bookings!A151 | B150: =IF(TRIM(LOWER(Raw_Bookings!D151))="east","East",IF(TRIM(LOWER(Raw_Bookings!D151))="west","West",IF(TRIM(LOWER(Raw_Bookings!D151))="central","Central",IF(TRIM(LOWER(Raw_Bookings!D151))="south","South","UNKNOWN")))) | C150: =IFERROR(Raw_Bookings!H151*VLOOKUP(Raw_Bookings!I151,Rates!$A$2:$B$6,2,FALSE),Raw_Bookings!H151) | D150: =IF(Raw_Bookings!F151="New License","NEW",IF(OR(Raw_Bookings!F151="Renewal",Raw_Bookings!F151="Support"),"RECURRING","OTHER")) | E150: =IFERROR(VLOOKUP(Raw_Bookings!G151,Rep_Master!$A$2:$D$18,3,FALSE),"") | F150: =IFERROR(VLOOKUP(E150,Rep_Targets!$A$2:$D$9,4,FALSE),0) | G150: =IF(F150=0,"NO QUOTA FOUND",IF(C150>=F150*0.25,"On Track","Behind")) | H150: =C150*IF(B150="West",0.95,1)
A151: =Raw_Bookings!A152 | B151: =IF(TRIM(LOWER(Raw_Bookings!D152))="east","East",IF(TRIM(LOWER(Raw_Bookings!D152))="west","West",IF(TRIM(LOWER(Raw_Bookings!D152))="central","Central",IF(TRIM(LOWER(Raw_Bookings!D152))="south","South","UNKNOWN")))) | C151: =IFERROR(Raw_Bookings!H152*VLOOKUP(Raw_Bookings!I152,Rates!$A$2:$B$6,2,FALSE),Raw_Bookings!H152) | D151: =IF(Raw_Bookings!F152="New License","NEW",IF(OR(Raw_Bookings!F152="Renewal",Raw_Bookings!F152="Support"),"RECURRING","OTHER")) | E151: =IFERROR(VLOOKUP(Raw_Bookings!G152,Rep_Master!$A$2:$D$18,3,FALSE),"") | F151: =IFERROR(VLOOKUP(E151,Rep_Targets!$A$2:$D$9,4,FALSE),0) | G151: =IF(F151=0,"NO QUOTA FOUND",IF(C151>=F151*0.25,"On Track","Behind")) | H151: =C151*IF(B151="West",0.95,1)
A152: =Raw_Bookings!A153 | B152: =IF(TRIM(LOWER(Raw_Bookings!D153))="east","East",IF(TRIM(LOWER(Raw_Bookings!D153))="west","West",IF(TRIM(LOWER(Raw_Bookings!D153))="central","Central",IF(TRIM(LOWER(Raw_Bookings!D153))="south","South","UNKNOWN")))) | C152: =IFERROR(Raw_Bookings!H153*VLOOKUP(Raw_Bookings!I153,Rates!$A$2:$B$6,2,FALSE),Raw_Bookings!H153) | D152: =IF(Raw_Bookings!F153="New License","NEW",IF(OR(Raw_Bookings!F153="Renewal",Raw_Bookings!F153="Support"),"RECURRING","OTHER")) | E152: =IFERROR(VLOOKUP(Raw_Bookings!G153,Rep_Master!$A$2:$D$18,3,FALSE),"") | F152: =IFERROR(VLOOKUP(E152,Rep_Targets!$A$2:$D$9,4,FALSE),0) | G152: =IF(F152=0,"NO QUOTA FOUND",IF(C152>=F152*0.25,"On Track","Behind")) | H152: =C152*IF(B152="West",0.95,1)
A153: =Raw_Bookings!A154 | B153: =IF(TRIM(LOWER(Raw_Bookings!D154))="east","East",IF(TRIM(LOWER(Raw_Bookings!D154))="west","West",IF(TRIM(LOWER(Raw_Bookings!D154))="central","Central",IF(TRIM(LOWER(Raw_Bookings!D154))="south","South","UNKNOWN")))) | C153: =IFERROR(Raw_Bookings!H154*VLOOKUP(Raw_Bookings!I154,Rates!$A$2:$B$6,2,FALSE),Raw_Bookings!H154) | D153: =IF(Raw_Bookings!F154="New License","NEW",IF(OR(Raw_Bookings!F154="Renewal",Raw_Bookings!F154="Support"),"RECURRING","OTHER")) | E153: =IFERROR(VLOOKUP(Raw_Bookings!G154,Rep_Master!$A$2:$D$18,3,FALSE),"") | F153: =IFERROR(VLOOKUP(E153,Rep_Targets!$A$2:$D$9,4,FALSE),0) | G153: =IF(F153=0,"NO QUOTA FOUND",IF(C153>=F153*0.25,"On Track","Behind")) | H153: =C153*IF(B153="West",0.95,1)
A154: =Raw_Bookings!A155 | B154: =IF(TRIM(LOWER(Raw_Bookings!D155))="east","East",IF(TRIM(LOWER(Raw_Bookings!D155))="west","West",IF(TRIM(LOWER(Raw_Bookings!D155))="central","Central",IF(TRIM(LOWER(Raw_Bookings!D155))="south","South","UNKNOWN")))) | C154: =IFERROR(Raw_Bookings!H155*VLOOKUP(Raw_Bookings!I155,Rates!$A$2:$B$6,2,FALSE),Raw_Bookings!H155) | D154: =IF(Raw_Bookings!F155="New License","NEW",IF(OR(Raw_Bookings!F155="Renewal",Raw_Bookings!F155="Support"),"RECURRING","OTHER")) | E154: =IFERROR(VLOOKUP(Raw_Bookings!G155,Rep_Master!$A$2:$D$18,3,FALSE),"") | F154: =IFERROR(VLOOKUP(E154,Rep_Targets!$A$2:$D$9,4,FALSE),0) | G154: =IF(F154=0,"NO QUOTA FOUND",IF(C154>=F154*0.25,"On Track","Behind")) | H154: =C154*IF(B154="West",0.95,1)
A155: =Raw_Bookings!A156 | B155: =IF(TRIM(LOWER(Raw_Bookings!D156))="east","East",IF(TRIM(LOWER(Raw_Bookings!D156))="west","West",IF(TRIM(LOWER(Raw_Bookings!D156))="central","Central",IF(TRIM(LOWER(Raw_Bookings!D156))="south","South","UNKNOWN")))) | C155: =IFERROR(Raw_Bookings!H156*VLOOKUP(Raw_Bookings!I156,Rates!$A$2:$B$6,2,FALSE),Raw_Bookings!H156) | D155: =IF(Raw_Bookings!F156="New License","NEW",IF(OR(Raw_Bookings!F156="Renewal",Raw_Bookings!F156="Support"),"RECURRING","OTHER")) | E155: =IFERROR(VLOOKUP(Raw_Bookings!G156,Rep_Master!$A$2:$D$18,3,FALSE),"") | F155: =IFERROR(VLOOKUP(E155,Rep_Targets!$A$2:$D$9,4,FALSE),0) | G155: =IF(F155=0,"NO QUOTA FOUND",IF(C155>=F155*0.25,"On Track","Behind")) | H155: =C155*IF(B155="West",0.95,1)
A156: =Raw_Bookings!A157 | B156: =IF(TRIM(LOWER(Raw_Bookings!D157))="east","East",IF(TRIM(LOWER(Raw_Bookings!D157))="west","West",IF(TRIM(LOWER(Raw_Bookings!D157))="central","Central",IF(TRIM(LOWER(Raw_Bookings!D157))="south","South","UNKNOWN")))) | C156: =IFERROR(Raw_Bookings!H157*VLOOKUP(Raw_Bookings!I157,Rates!$A$2:$B$6,2,FALSE),Raw_Bookings!H157) | D156: =IF(Raw_Bookings!F157="New License","NEW",IF(OR(Raw_Bookings!F157="Renewal",Raw_Bookings!F157="Support"),"RECURRING","OTHER")) | E156: =IFERROR(VLOOKUP(Raw_Bookings!G157,Rep_Master!$A$2:$D$18,3,FALSE),"") | F156: =IFERROR(VLOOKUP(E156,Rep_Targets!$A$2:$D$9,4,FALSE),0) | G156: =IF(F156=0,"NO QUOTA FOUND",IF(C156>=F156*0.25,"On Track","Behind")) | H156: =C156*IF(B156="West",0.95,1)
A157: =Raw_Bookings!A158 | B157: =IF(TRIM(LOWER(Raw_Bookings!D158))="east","East",IF(TRIM(LOWER(Raw_Bookings!D158))="west","West",IF(TRIM(LOWER(Raw_Bookings!D158))="central","Central",IF(TRIM(LOWER(Raw_Bookings!D158))="south","South","UNKNOWN")))) | C157: =IFERROR(Raw_Bookings!H158*VLOOKUP(Raw_Bookings!I158,Rates!$A$2:$B$6,2,FALSE),Raw_Bookings!H158) | D157: =IF(Raw_Bookings!F158="New License","NEW",IF(OR(Raw_Bookings!F158="Renewal",Raw_Bookings!F158="Support"),"RECURRING","OTHER")) | E157: =IFERROR(VLOOKUP(Raw_Bookings!G158,Rep_Master!$A$2:$D$18,3,FALSE),"") | F157: =IFERROR(VLOOKUP(E157,Rep_Targets!$A$2:$D$9,4,FALSE),0) | G157: =IF(F157=0,"NO QUOTA FOUND",IF(C157>=F157*0.25,"On Track","Behind")) | H157: =C157*IF(B157="West",0.95,1)
A158: =Raw_Bookings!A159 | B158: =IF(TRIM(LOWER(Raw_Bookings!D159))="east","East",IF(TRIM(LOWER(Raw_Bookings!D159))="west","West",IF(TRIM(LOWER(Raw_Bookings!D159))="central","Central",IF(TRIM(LOWER(Raw_Bookings!D159))="south","South","UNKNOWN")))) | C158: =IFERROR(Raw_Bookings!H159*VLOOKUP(Raw_Bookings!I159,Rates!$A$2:$B$6,2,FALSE),Raw_Bookings!H159) | D158: =IF(Raw_Bookings!F159="New License","NEW",IF(OR(Raw_Bookings!F159="Renewal",Raw_Bookings!F159="Support"),"RECURRING","OTHER")) | E158: =IFERROR(VLOOKUP(Raw_Bookings!G159,Rep_Master!$A$2:$D$18,3,FALSE),"") | F158: =IFERROR(VLOOKUP(E158,Rep_Targets!$A$2:$D$9,4,FALSE),0) | G158: =IF(F158=0,"NO QUOTA FOUND",IF(C158>=F158*0.25,"On Track","Behind")) | H158: =C158*IF(B158="West",0.95,1)
A159: =Raw_Bookings!A160 | B159: =IF(TRIM(LOWER(Raw_Bookings!D160))="east","East",IF(TRIM(LOWER(Raw_Bookings!D160))="west","West",IF(TRIM(LOWER(Raw_Bookings!D160))="central","Central",IF(TRIM(LOWER(Raw_Bookings!D160))="south","South","UNKNOWN")))) | C159: =IFERROR(Raw_Bookings!H160*VLOOKUP(Raw_Bookings!I160,Rates!$A$2:$B$6,2,FALSE),Raw_Bookings!H160) | D159: =IF(Raw_Bookings!F160="New License","NEW",IF(OR(Raw_Bookings!F160="Renewal",Raw_Bookings!F160="Support"),"RECURRING","OTHER")) | E159: =IFERROR(VLOOKUP(Raw_Bookings!G160,Rep_Master!$A$2:$D$18,3,FALSE),"") | F159: =IFERROR(VLOOKUP(E159,Rep_Targets!$A$2:$D$9,4,FALSE),0) | G159: =IF(F159=0,"NO QUOTA FOUND",IF(C159>=F159*0.25,"On Track","Behind")) | H159: =C159*IF(B159="West",0.95,1)
... A210: =Raw_Bookings!A211 | B210: =IF(TRIM(LOWER(Raw_Bookings!D211))="east","East",IF(TRIM(LOWER(Raw_Bookings!D211))="west","West",IF(TRIM(LOWER(Raw_Bookings!D211))="central","Central",IF(TRIM(LOWER(Raw_Bookings!D211))="south","South","UNKNOWN")))) | C210: =IFERROR(Raw_Bookings!H211*VLOOKUP(Raw_Bookings!I211,Rates!$A$2:$B$6,2,FALSE),Raw_Bookings!H211) | D210: =IF(Raw_Bookings!F211="New License","NEW",IF(OR(Raw_Bookings!F211="Renewal",Raw_Bookings!F211="Support"),"RECURRING","OTHER")) | E210: =IFERROR(VLOOKUP(Raw_Bookings!G211,Rep_Master!$A$2:$D$18,3,FALSE),"") | F210: =IFERROR(VLOOKUP(E210,Rep_Targets!$A$2:$D$9,4,FALSE),0) | G210: =IF(F210=0,"NO QUOTA FOUND",IF(C210>=F210*0.25,"On Track","Behind")) | H210: =C210*IF(B210="West",0.95,1)
A211: =Raw_Bookings!A212 | B211: =IF(TRIM(LOWER(Raw_Bookings!D212))="east","East",IF(TRIM(LOWER(Raw_Bookings!D212))="west","West",IF(TRIM(LOWER(Raw_Bookings!D212))="central","Central",IF(TRIM(LOWER(Raw_Bookings!D212))="south","South","UNKNOWN")))) | C211: =IFERROR(Raw_Bookings!H212*VLOOKUP(Raw_Bookings!I212,Rates!$A$2:$B$6,2,FALSE),Raw_Bookings!H212) | D211: =IF(Raw_Bookings!F212="New License","NEW",IF(OR(Raw_Bookings!F212="Renewal",Raw_Bookings!F212="Support"),"RECURRING","OTHER")) | E211: =IFERROR(VLOOKUP(Raw_Bookings!G212,Rep_Master!$A$2:$D$18,3,FALSE),"") | F211: =IFERROR(VLOOKUP(E211,Rep_Targets!$A$2:$D$9,4,FALSE),0) | G211: =IF(F211=0,"NO QUOTA FOUND",IF(C211>=F211*0.25,"On Track","Behind")) | H211: 68209.88 | I211: ADJ210 | J211: mgr adj - see email 3/12
A212: =Raw_Bookings!A213 | B212: =IF(TRIM(LOWER(Raw_Bookings!D213))="east","East",IF(TRIM(LOWER(Raw_Bookings!D213))="west","West",IF(TRIM(LOWER(Raw_Bookings!D213))="central","Central",IF(TRIM(LOWER(Raw_Bookings!D213))="south","South","UNKNOWN")))) | C212: =IFERROR(Raw_Bookings!H213*VLOOKUP(Raw_Bookings!I213,Rates!$A$2:$B$6,2,FALSE),Raw_Bookings!H213) | D212: =IF(Raw_Bookings!F213="New License","NEW",IF(OR(Raw_Bookings!F213="Renewal",Raw_Bookings!F213="Support"),"RECURRING","OTHER")) | E212: =IFERROR(VLOOKUP(Raw_Bookings!G213,Rep_Master!$A$2:$D$18,3,FALSE),"") | F212: =IFERROR(VLOOKUP(E212,Rep_Targets!$A$2:$D$9,4,FALSE),0) | G212: =IF(F212=0,"NO QUOTA FOUND",IF(C212>=F212*0.25,"On Track","Behind")) | H212: =C212*IF(B212="West",0.95,1)
A213: =Raw_Bookings!A214 | B213: =IF(TRIM(LOWER(Raw_Bookings!D214))="east","East",IF(TRIM(LOWER(Raw_Bookings!D214))="west","West",IF(TRIM(LOWER(Raw_Bookings!D214))="central","Central",IF(TRIM(LOWER(Raw_Bookings!D214))="south","South","UNKNOWN")))) | C213: =IFERROR(Raw_Bookings!H214*VLOOKUP(Raw_Bookings!I214,Rates!$A$2:$B$6,2,FALSE),Raw_Bookings!H214) | D213: =IF(Raw_Bookings!F214="New License","NEW",IF(OR(Raw_Bookings!F214="Renewal",Raw_Bookings!F214="Support"),"RECURRING","OTHER")) | E213: =IFERROR(VLOOKUP(Raw_Bookings!G214,Rep_Master!$A$2:$D$18,3,FALSE),"") | F213: =IFERROR(VLOOKUP(E213,Rep_Targets!$A$2:$D$9,4,FALSE),0) | G213: =IF(F213=0,"NO QUOTA FOUND",IF(C213>=F213*0.25,"On Track","Behind")) | H213: =C213*IF(B213="West",0.95,1)
A214: =Raw_Bookings!A215 | B214: =IF(TRIM(LOWER(Raw_Bookings!D215))="east","East",IF(TRIM(LOWER(Raw_Bookings!D215))="west","West",IF(TRIM(LOWER(Raw_Bookings!D215))="central","Central",IF(TRIM(LOWER(Raw_Bookings!D215))="south","South","UNKNOWN")))) | C214: =IFERROR(Raw_Bookings!H215*VLOOKUP(Raw_Bookings!I215,Rates!$A$2:$B$6,2,FALSE),Raw_Bookings!H215) | D214: =IF(Raw_Bookings!F215="New License","NEW",IF(OR(Raw_Bookings!F215="Renewal",Raw_Bookings!F215="Support"),"RECURRING","OTHER")) | E214: =IFERROR(VLOOKUP(Raw_Bookings!G215,Rep_Master!$A$2:$D$18,3,FALSE),"") | F214: =IFERROR(VLOOKUP(E214,Rep_Targets!$A$2:$D$9,4,FALSE),0) | G214: =IF(F214=0,"NO QUOTA FOUND",IF(C214>=F214*0.25,"On Track","Behind")) | H214: =C214*IF(B214="West",0.95,1)
A215: =Raw_Bookings!A216 | B215: =IF(TRIM(LOWER(Raw_Bookings!D216))="east","East",IF(TRIM(LOWER(Raw_Bookings!D216))="west","West",IF(TRIM(LOWER(Raw_Bookings!D216))="central","Central",IF(TRIM(LOWER(Raw_Bookings!D216))="south","South","UNKNOWN")))) | C215: =IFERROR(Raw_Bookings!H216*VLOOKUP(Raw_Bookings!I216,Rates!$A$2:$B$6,2,FALSE),Raw_Bookings!H216) | D215: =IF(Raw_Bookings!F216="New License","NEW",IF(OR(Raw_Bookings!F216="Renewal",Raw_Bookings!F216="Support"),"RECURRING","OTHER")) | E215: =IFERROR(VLOOKUP(Raw_Bookings!G216,Rep_Master!$A$2:$D$18,3,FALSE),"") | F215: =IFERROR(VLOOKUP(E215,Rep_Targets!$A$2:$D$9,4,FALSE),0) | G215: =IF(F215=0,"NO QUOTA FOUND",IF(C215>=F215*0.25,"On Track","Behind")) | H215: =C215*IF(B215="West",0.95,1)
A216: =Raw_Bookings!A217 | B216: =IF(TRIM(LOWER(Raw_Bookings!D217))="east","East",IF(TRIM(LOWER(Raw_Bookings!D217))="west","West",IF(TRIM(LOWER(Raw_Bookings!D217))="central","Central",IF(TRIM(LOWER(Raw_Bookings!D217))="south","South","UNKNOWN")))) | C216: =IFERROR(Raw_Bookings!H217*VLOOKUP(Raw_Bookings!I217,Rates!$A$2:$B$6,2,FALSE),Raw_Bookings!H217) | D216: =IF(Raw_Bookings!F217="New License","NEW",IF(OR(Raw_Bookings!F217="Renewal",Raw_Bookings!F217="Support"),"RECURRING","OTHER")) | E216: =IFERROR(VLOOKUP(Raw_Bookings!G217,Rep_Master!$A$2:$D$18,3,FALSE),"") | F216: =IFERROR(VLOOKUP(E216,Rep_Targets!$A$2:$D$9,4,FALSE),0) | G216: =IF(F216=0,"NO QUOTA FOUND",IF(C216>=F216*0.25,"On Track","Behind")) | H216: =C216*IF(B216="West",0.95,1)
A217: =Raw_Bookings!A218 | B217: =IF(TRIM(LOWER(Raw_Bookings!D218))="east","East",IF(TRIM(LOWER(Raw_Bookings!D218))="west","West",IF(TRIM(LOWER(Raw_Bookings!D218))="central","Central",IF(TRIM(LOWER(Raw_Bookings!D218))="south","South","UNKNOWN")))) | C217: =IFERROR(Raw_Bookings!H218*VLOOKUP(Raw_Bookings!I218,Rates!$A$2:$B$6,2,FALSE),Raw_Bookings!H218) | D217: =IF(Raw_Bookings!F218="New License","NEW",IF(OR(Raw_Bookings!F218="Renewal",Raw_Bookings!F218="Support"),"RECURRING","OTHER")) | E217: =IFERROR(VLOOKUP(Raw_Bookings!G218,Rep_Master!$A$2:$D$18,3,FALSE),"") | F217: =IFERROR(VLOOKUP(E217,Rep_Targets!$A$2:$D$9,4,FALSE),0) | G217: =IF(F217=0,"NO QUOTA FOUND",IF(C217>=F217*0.25,"On Track","Behind")) | H217: =C217*IF(B217="West",0.95,1)
A218: =Raw_Bookings!A219 | B218: =IF(TRIM(LOWER(Raw_Bookings!D219))="east","East",IF(TRIM(LOWER(Raw_Bookings!D219))="west","West",IF(TRIM(LOWER(Raw_Bookings!D219))="central","Central",IF(TRIM(LOWER(Raw_Bookings!D219))="south","South","UNKNOWN")))) | C218: =IFERROR(Raw_Bookings!H219*VLOOKUP(Raw_Bookings!I219,Rates!$A$2:$B$6,2,FALSE),Raw_Bookings!H219) | D218: =IF(Raw_Bookings!F219="New License","NEW",IF(OR(Raw_Bookings!F219="Renewal",Raw_Bookings!F219="Support"),"RECURRING","OTHER")) | E218: =IFERROR(VLOOKUP(Raw_Bookings!G219,Rep_Master!$A$2:$D$18,3,FALSE),"") | F218: =IFERROR(VLOOKUP(E218,Rep_Targets!$A$2:$D$9,4,FALSE),0) | G218: =IF(F218=0,"NO QUOTA FOUND",IF(C218>=F218*0.25,"On Track","Behind")) | H218: =C218*IF(B218="West",0.95,1)
A219: =Raw_Bookings!A220 | B219: =IF(TRIM(LOWER(Raw_Bookings!D220))="east","East",IF(TRIM(LOWER(Raw_Bookings!D220))="west","West",IF(TRIM(LOWER(Raw_Bookings!D220))="central","Central",IF(TRIM(LOWER(Raw_Bookings!D220))="south","South","UNKNOWN")))) | C219: =IFERROR(Raw_Bookings!H220*VLOOKUP(Raw_Bookings!I220,Rates!$A$2:$B$6,2,FALSE),Raw_Bookings!H220) | D219: =IF(Raw_Bookings!F220="New License","NEW",IF(OR(Raw_Bookings!F220="Renewal",Raw_Bookings!F220="Support"),"RECURRING","OTHER")) | E219: =IFERROR(VLOOKUP(Raw_Bookings!G220,Rep_Master!$A$2:$D$18,3,FALSE),"") | F219: =IFERROR(VLOOKUP(E219,Rep_Targets!$A$2:$D$9,4,FALSE),0) | G219: =IF(F219=0,"NO QUOTA FOUND",IF(C219>=F219*0.25,"On Track","Behind")) | H219: =C219*IF(B219="West",0.95,1)
A220: =Raw_Bookings!A221 | B220: =IF(TRIM(LOWER(Raw_Bookings!D221))="east","East",IF(TRIM(LOWER(Raw_Bookings!D221))="west","West",IF(TRIM(LOWER(Raw_Bookings!D221))="central","Central",IF(TRIM(LOWER(Raw_Bookings!D221))="south","South","UNKNOWN")))) | C220: =IFERROR(Raw_Bookings!H221*VLOOKUP(Raw_Bookings!I221,Rates!$A$2:$B$6,2,FALSE),Raw_Bookings!H221) | D220: =IF(Raw_Bookings!F221="New License","NEW",IF(OR(Raw_Bookings!F221="Renewal",Raw_Bookings!F221="Support"),"RECURRING","OTHER")) | E220: =IFERROR(VLOOKUP(Raw_Bookings!G221,Rep_Master!$A$2:$D$18,3,FALSE),"") | F220: =IFERROR(VLOOKUP(E220,Rep_Targets!$A$2:$D$9,4,FALSE),0) | G220: =IF(F220=0,"NO QUOTA FOUND",IF(C220>=F220*0.25,"On Track","Behind")) | H220: =C220*IF(B220="West",0.95,1)
A221: =Raw_Bookings!A222 | B221: =IF(TRIM(LOWER(Raw_Bookings!D222))="east","East",IF(TRIM(LOWER(Raw_Bookings!D222))="west","West",IF(TRIM(LOWER(Raw_Bookings!D222))="central","Central",IF(TRIM(LOWER(Raw_Bookings!D222))="south","South","UNKNOWN")))) | C221: =IFERROR(Raw_Bookings!H222*VLOOKUP(Raw_Bookings!I222,Rates!$A$2:$B$6,2,FALSE),Raw_Bookings!H222) | D221: =IF(Raw_Bookings!F222="New License","NEW",IF(OR(Raw_Bookings!F222="Renewal",Raw_Bookings!F222="Support"),"RECURRING","OTHER")) | E221: =IFERROR(VLOOKUP(Raw_Bookings!G222,Rep_Master!$A$2:$D$18,3,FALSE),"") | F221: =IFERROR(VLOOKUP(E221,Rep_Targets!$A$2:$D$9,4,FALSE),0) | G221: =IF(F221=0,"NO QUOTA FOUND",IF(C221>=F221*0.25,"On Track","Behind")) | H221: =C221*IF(B221="West",0.95,1)
A222: =Raw_Bookings!A223 | B222: =IF(TRIM(LOWER(Raw_Bookings!D223))="east","East",IF(TRIM(LOWER(Raw_Bookings!D223))="west","West",IF(TRIM(LOWER(Raw_Bookings!D223))="central","Central",IF(TRIM(LOWER(Raw_Bookings!D223))="south","South","UNKNOWN")))) | C222: =IFERROR(Raw_Bookings!H223*VLOOKUP(Raw_Bookings!I223,Rates!$A$2:$B$6,2,FALSE),Raw_Bookings!H223) | D222: =IF(Raw_Bookings!F223="New License","NEW",IF(OR(Raw_Bookings!F223="Renewal",Raw_Bookings!F223="Support"),"RECURRING","OTHER")) | E222: =IFERROR(VLOOKUP(Raw_Bookings!G223,Rep_Master!$A$2:$D$18,3,FALSE),"") | F222: =IFERROR(VLOOKUP(E222,Rep_Targets!$A$2:$D$9,4,FALSE),0) | G222: =IF(F222=0,"NO QUOTA FOUND",IF(C222>=F222*0.25,"On Track","Behind")) | H222: =C222*IF(B222="West",0.95,1)
A223: =Raw_Bookings!A224 | B223: =IF(TRIM(LOWER(Raw_Bookings!D224))="east","East",IF(TRIM(LOWER(Raw_Bookings!D224))="west","West",IF(TRIM(LOWER(Raw_Bookings!D224))="central","Central",IF(TRIM(LOWER(Raw_Bookings!D224))="south","South","UNKNOWN")))) | C223: =IFERROR(Raw_Bookings!H224*VLOOKUP(Raw_Bookings!I224,Rates!$A$2:$B$6,2,FALSE),Raw_Bookings!H224) | D223: =IF(Raw_Bookings!F224="New License","NEW",IF(OR(Raw_Bookings!F224="Renewal",Raw_Bookings!F224="Support"),"RECURRING","OTHER")) | E223: =IFERROR(VLOOKUP(Raw_Bookings!G224,Rep_Master!$A$2:$D$18,3,FALSE),"") | F223: =IFERROR(VLOOKUP(E223,Rep_Targets!$A$2:$D$9,4,FALSE),0) | G223: =IF(F223=0,"NO QUOTA FOUND",IF(C223>=F223*0.25,"On Track","Behind")) | H223: =C223*IF(B223="West",0.95,1)
... A279: =Raw_Bookings!A280 | B279: =IF(TRIM(LOWER(Raw_Bookings!D280))="east","East",IF(TRIM(LOWER(Raw_Bookings!D280))="west","West",IF(TRIM(LOWER(Raw_Bookings!D280))="central","Central",IF(TRIM(LOWER(Raw_Bookings!D280))="south","South","UNKNOWN")))) | C279: =IFERROR(Raw_Bookings!H280*VLOOKUP(Raw_Bookings!I280,Rates!$A$2:$B$6,2,FALSE),Raw_Bookings!H280) | D279: =IF(Raw_Bookings!F280="New License","NEW",IF(OR(Raw_Bookings!F280="Renewal",Raw_Bookings!F280="Support"),"RECURRING","OTHER")) | E279: =IFERROR(VLOOKUP(Raw_Bookings!G280,Rep_Master!$A$2:$D$18,3,FALSE),"") | F279: =IFERROR(VLOOKUP(E279,Rep_Targets!$A$2:$D$9,4,FALSE),0) | G279: =IF(F279=0,"NO QUOTA FOUND",IF(C279>=F279*0.25,"On Track","Behind")) | H279: =C279*IF(B279="West",0.95,1)
A280: =Raw_Bookings!A281 | B280: =IF(TRIM(LOWER(Raw_Bookings!D281))="east","East",IF(TRIM(LOWER(Raw_Bookings!D281))="west","West",IF(TRIM(LOWER(Raw_Bookings!D281))="central","Central",IF(TRIM(LOWER(Raw_Bookings!D281))="south","South","UNKNOWN")))) | C280: =IFERROR(Raw_Bookings!H281*VLOOKUP(Raw_Bookings!I281,Rates!$A$2:$B$6,2,FALSE),Raw_Bookings!H281) | D280: =IF(Raw_Bookings!F281="New License","NEW",IF(OR(Raw_Bookings!F281="Renewal",Raw_Bookings!F281="Support"),"RECURRING","OTHER")) | E280: =IFERROR(VLOOKUP(Raw_Bookings!G281,Rep_Master!$A$2:$D$18,3,FALSE),"") | F280: =IFERROR(VLOOKUP(E280,Rep_Targets!$A$2:$D$9,4,FALSE),0) | G280: =IF(F280=0,"NO QUOTA FOUND",IF(C280>=F280*0.25,"On Track","Behind")) | H280: 5604.7 | I280: ADJ279 | J280: mgr adj - see email 3/12
A281: =Raw_Bookings!A282 | B281: =IF(TRIM(LOWER(Raw_Bookings!D282))="east","East",IF(TRIM(LOWER(Raw_Bookings!D282))="west","West",IF(TRIM(LOWER(Raw_Bookings!D282))="central","Central",IF(TRIM(LOWER(Raw_Bookings!D282))="south","South","UNKNOWN")))) | C281: =IFERROR(Raw_Bookings!H282*VLOOKUP(Raw_Bookings!I282,Rates!$A$2:$B$6,2,FALSE),Raw_Bookings!H282) | D281: =IF(Raw_Bookings!F282="New License","NEW",IF(OR(Raw_Bookings!F282="Renewal",Raw_Bookings!F282="Support"),"RECURRING","OTHER")) | E281: =IFERROR(VLOOKUP(Raw_Bookings!G282,Rep_Master!$A$2:$D$18,3,FALSE),"") | F281: =IFERROR(VLOOKUP(E281,Rep_Targets!$A$2:$D$9,4,FALSE),0) | G281: =IF(F281=0,"NO QUOTA FOUND",IF(C281>=F281*0.25,"On Track","Behind")) | H281: =C281*IF(B281="West",0.95,1)
A282: =Raw_Bookings!A283 | B282: =IF(TRIM(LOWER(Raw_Bookings!D283))="east","East",IF(TRIM(LOWER(Raw_Bookings!D283))="west","West",IF(TRIM(LOWER(Raw_Bookings!D283))="central","Central",IF(TRIM(LOWER(Raw_Bookings!D283))="south","South","UNKNOWN")))) | C282: =IFERROR(Raw_Bookings!H283*VLOOKUP(Raw_Bookings!I283,Rates!$A$2:$B$6,2,FALSE),Raw_Bookings!H283) | D282: =IF(Raw_Bookings!F283="New License","NEW",IF(OR(Raw_Bookings!F283="Renewal",Raw_Bookings!F283="Support"),"RECURRING","OTHER")) | E282: =IFERROR(VLOOKUP(Raw_Bookings!G283,Rep_Master!$A$2:$D$18,3,FALSE),"") | F282: =IFERROR(VLOOKUP(E282,Rep_Targets!$A$2:$D$9,4,FALSE),0) | G282: =IF(F282=0,"NO QUOTA FOUND",IF(C282>=F282*0.25,"On Track","Behind")) | H282: =C282*IF(B282="West",0.95,1)
A283: =Raw_Bookings!A284 | B283: =IF(TRIM(LOWER(Raw_Bookings!D284))="east","East",IF(TRIM(LOWER(Raw_Bookings!D284))="west","West",IF(TRIM(LOWER(Raw_Bookings!D284))="central","Central",IF(TRIM(LOWER(Raw_Bookings!D284))="south","South","UNKNOWN")))) | C283: =IFERROR(Raw_Bookings!H284*VLOOKUP(Raw_Bookings!I284,Rates!$A$2:$B$6,2,FALSE),Raw_Bookings!H284) | D283: =IF(Raw_Bookings!F284="New License","NEW",IF(OR(Raw_Bookings!F284="Renewal",Raw_Bookings!F284="Support"),"RECURRING","OTHER")) | E283: =IFERROR(VLOOKUP(Raw_Bookings!G284,Rep_Master!$A$2:$D$18,3,FALSE),"") | F283: =IFERROR(VLOOKUP(E283,Rep_Targets!$A$2:$D$9,4,FALSE),0) | G283: =IF(F283=0,"NO QUOTA FOUND",IF(C283>=F283*0.25,"On Track","Behind")) | H283: =C283*IF(B283="West",0.95,1)
A284: =Raw_Bookings!A285 | B284: =IF(TRIM(LOWER(Raw_Bookings!D285))="east","East",IF(TRIM(LOWER(Raw_Bookings!D285))="west","West",IF(TRIM(LOWER(Raw_Bookings!D285))="central","Central",IF(TRIM(LOWER(Raw_Bookings!D285))="south","South","UNKNOWN")))) | C284: =IFERROR(Raw_Bookings!H285*VLOOKUP(Raw_Bookings!I285,Rates!$A$2:$B$6,2,FALSE),Raw_Bookings!H285) | D284: =IF(Raw_Bookings!F285="New License","NEW",IF(OR(Raw_Bookings!F285="Renewal",Raw_Bookings!F285="Support"),"RECURRING","OTHER")) | E284: =IFERROR(VLOOKUP(Raw_Bookings!G285,Rep_Master!$A$2:$D$18,3,FALSE),"") | F284: =IFERROR(VLOOKUP(E284,Rep_Targets!$A$2:$D$9,4,FALSE),0) | G284: =IF(F284=0,"NO QUOTA FOUND",IF(C284>=F284*0.25,"On Track","Behind")) | H284: =C284*IF(B284="West",0.95,1)
A285: =Raw_Bookings!A286 | B285: =IF(TRIM(LOWER(Raw_Bookings!D286))="east","East",IF(TRIM(LOWER(Raw_Bookings!D286))="west","West",IF(TRIM(LOWER(Raw_Bookings!D286))="central","Central",IF(TRIM(LOWER(Raw_Bookings!D286))="south","South","UNKNOWN")))) | C285: =IFERROR(Raw_Bookings!H286*VLOOKUP(Raw_Bookings!I286,Rates!$A$2:$B$6,2,FALSE),Raw_Bookings!H286) | D285: =IF(Raw_Bookings!F286="New License","NEW",IF(OR(Raw_Bookings!F286="Renewal",Raw_Bookings!F286="Support"),"RECURRING","OTHER")) | E285: =IFERROR(VLOOKUP(Raw_Bookings!G286,Rep_Master!$A$2:$D$18,3,FALSE),"") | F285: =IFERROR(VLOOKUP(E285,Rep_Targets!$A$2:$D$9,4,FALSE),0) | G285: =IF(F285=0,"NO QUOTA FOUND",IF(C285>=F285*0.25,"On Track","Behind")) | H285: =C285*IF(B285="West",0.95,1)
A286: =Raw_Bookings!A287 | B286: =IF(TRIM(LOWER(Raw_Bookings!D287))="east","East",IF(TRIM(LOWER(Raw_Bookings!D287))="west","West",IF(TRIM(LOWER(Raw_Bookings!D287))="central","Central",IF(TRIM(LOWER(Raw_Bookings!D287))="south","South","UNKNOWN")))) | C286: =IFERROR(Raw_Bookings!H287*VLOOKUP(Raw_Bookings!I287,Rates!$A$2:$B$6,2,FALSE),Raw_Bookings!H287) | D286: =IF(Raw_Bookings!F287="New License","NEW",IF(OR(Raw_Bookings!F287="Renewal",Raw_Bookings!F287="Support"),"RECURRING","OTHER")) | E286: =IFERROR(VLOOKUP(Raw_Bookings!G287,Rep_Master!$A$2:$D$18,3,FALSE),"") | F286: =IFERROR(VLOOKUP(E286,Rep_Targets!$A$2:$D$9,4,FALSE),0) | G286: =IF(F286=0,"NO QUOTA FOUND",IF(C286>=F286*0.25,"On Track","Behind")) | H286: =C286*IF(B286="West",0.95,1)
A287: =Raw_Bookings!A288 | B287: =IF(TRIM(LOWER(Raw_Bookings!D288))="east","East",IF(TRIM(LOWER(Raw_Bookings!D288))="west","West",IF(TRIM(LOWER(Raw_Bookings!D288))="central","Central",IF(TRIM(LOWER(Raw_Bookings!D288))="south","South","UNKNOWN")))) | C287: =IFERROR(Raw_Bookings!H288*VLOOKUP(Raw_Bookings!I288,Rates!$A$2:$B$6,2,FALSE),Raw_Bookings!H288) | D287: =IF(Raw_Bookings!F288="New License","NEW",IF(OR(Raw_Bookings!F288="Renewal",Raw_Bookings!F288="Support"),"RECURRING","OTHER")) | E287: =IFERROR(VLOOKUP(Raw_Bookings!G288,Rep_Master!$A$2:$D$18,3,FALSE),"") | F287: =IFERROR(VLOOKUP(E287,Rep_Targets!$A$2:$D$9,4,FALSE),0) | G287: =IF(F287=0,"NO QUOTA FOUND",IF(C287>=F287*0.25,"On Track","Behind")) | H287: =C287*IF(B287="West",0.95,1)
A288: =Raw_Bookings!A289 | B288: =IF(TRIM(LOWER(Raw_Bookings!D289))="east","East",IF(TRIM(LOWER(Raw_Bookings!D289))="west","West",IF(TRIM(LOWER(Raw_Bookings!D289))="central","Central",IF(TRIM(LOWER(Raw_Bookings!D289))="south","South","UNKNOWN")))) | C288: =IFERROR(Raw_Bookings!H289*VLOOKUP(Raw_Bookings!I289,Rates!$A$2:$B$6,2,FALSE),Raw_Bookings!H289) | D288: =IF(Raw_Bookings!F289="New License","NEW",IF(OR(Raw_Bookings!F289="Renewal",Raw_Bookings!F289="Support"),"RECURRING","OTHER")) | E288: =IFERROR(VLOOKUP(Raw_Bookings!G289,Rep_Master!$A$2:$D$18,3,FALSE),"") | F288: =IFERROR(VLOOKUP(E288,Rep_Targets!$A$2:$D$9,4,FALSE),0) | G288: =IF(F288=0,"NO QUOTA FOUND",IF(C288>=F288*0.25,"On Track","Behind")) | H288: =C288*IF(B288="West",0.95,1)
A289: =Raw_Bookings!A290 | B289: =IF(TRIM(LOWER(Raw_Bookings!D290))="east","East",IF(TRIM(LOWER(Raw_Bookings!D290))="west","West",IF(TRIM(LOWER(Raw_Bookings!D290))="central","Central",IF(TRIM(LOWER(Raw_Bookings!D290))="south","South","UNKNOWN")))) | C289: =IFERROR(Raw_Bookings!H290*VLOOKUP(Raw_Bookings!I290,Rates!$A$2:$B$6,2,FALSE),Raw_Bookings!H290) | D289: =IF(Raw_Bookings!F290="New License","NEW",IF(OR(Raw_Bookings!F290="Renewal",Raw_Bookings!F290="Support"),"RECURRING","OTHER")) | E289: =IFERROR(VLOOKUP(Raw_Bookings!G290,Rep_Master!$A$2:$D$18,3,FALSE),"") | F289: =IFERROR(VLOOKUP(E289,Rep_Targets!$A$2:$D$9,4,FALSE),0) | G289: =IF(F289=0,"NO QUOTA FOUND",IF(C289>=F289*0.25,"On Track","Behind")) | H289: =C289*IF(B289="West",0.95,1)
A290: =Raw_Bookings!A291 | B290: =IF(TRIM(LOWER(Raw_Bookings!D291))="east","East",IF(TRIM(LOWER(Raw_Bookings!D291))="west","West",IF(TRIM(LOWER(Raw_Bookings!D291))="central","Central",IF(TRIM(LOWER(Raw_Bookings!D291))="south","South","UNKNOWN")))) | C290: =IFERROR(Raw_Bookings!H291*VLOOKUP(Raw_Bookings!I291,Rates!$A$2:$B$6,2,FALSE),Raw_Bookings!H291) | D290: =IF(Raw_Bookings!F291="New License","NEW",IF(OR(Raw_Bookings!F291="Renewal",Raw_Bookings!F291="Support"),"RECURRING","OTHER")) | E290: =IFERROR(VLOOKUP(Raw_Bookings!G291,Rep_Master!$A$2:$D$18,3,FALSE),"") | F290: =IFERROR(VLOOKUP(E290,Rep_Targets!$A$2:$D$9,4,FALSE),0) | G290: =IF(F290=0,"NO QUOTA FOUND",IF(C290>=F290*0.25,"On Track","Behind")) | H290: =C290*IF(B290="West",0.95,1)
A291: =Raw_Bookings!A292 | B291: =IF(TRIM(LOWER(Raw_Bookings!D292))="east","East",IF(TRIM(LOWER(Raw_Bookings!D292))="west","West",IF(TRIM(LOWER(Raw_Bookings!D292))="central","Central",IF(TRIM(LOWER(Raw_Bookings!D292))="south","South","UNKNOWN")))) | C291: =IFERROR(Raw_Bookings!H292*VLOOKUP(Raw_Bookings!I292,Rates!$A$2:$B$6,2,FALSE),Raw_Bookings!H292) | D291: =IF(Raw_Bookings!F292="New License","NEW",IF(OR(Raw_Bookings!F292="Renewal",Raw_Bookings!F292="Support"),"RECURRING","OTHER")) | E291: =IFERROR(VLOOKUP(Raw_Bookings!G292,Rep_Master!$A$2:$D$18,3,FALSE),"") | F291: =IFERROR(VLOOKUP(E291,Rep_Targets!$A$2:$D$9,4,FALSE),0) | G291: =IF(F291=0,"NO QUOTA FOUND",IF(C291>=F291*0.25,"On Track","Behind")) | H291: =C291*IF(B291="West",0.95,1)
A292: =Raw_Bookings!A293 | B292: =IF(TRIM(LOWER(Raw_Bookings!D293))="east","East",IF(TRIM(LOWER(Raw_Bookings!D293))="west","West",IF(TRIM(LOWER(Raw_Bookings!D293))="central","Central",IF(TRIM(LOWER(Raw_Bookings!D293))="south","South","UNKNOWN")))) | C292: =IFERROR(Raw_Bookings!H293*VLOOKUP(Raw_Bookings!I293,Rates!$A$2:$B$6,2,FALSE),Raw_Bookings!H293) | D292: =IF(Raw_Bookings!F293="New License","NEW",IF(OR(Raw_Bookings!F293="Renewal",Raw_Bookings!F293="Support"),"RECURRING","OTHER")) | E292: =IFERROR(VLOOKUP(Raw_Bookings!G293,Rep_Master!$A$2:$D$18,3,FALSE),"") | F292: =IFERROR(VLOOKUP(E292,Rep_Targets!$A$2:$D$9,4,FALSE),0) | G292: =IF(F292=0,"NO QUOTA FOUND",IF(C292>=F292*0.25,"On Track","Behind")) | H292: =C292*IF(B292="West",0.95,1)
... A307: =Raw_Bookings!A308 | B307: =IF(TRIM(LOWER(Raw_Bookings!D308))="east","East",IF(TRIM(LOWER(Raw_Bookings!D308))="west","West",IF(TRIM(LOWER(Raw_Bookings!D308))="central","Central",IF(TRIM(LOWER(Raw_Bookings!D308))="south","South","UNKNOWN")))) | C307: =IFERROR(Raw_Bookings!H308*VLOOKUP(Raw_Bookings!I308,Rates!$A$2:$B$6,2,FALSE),Raw_Bookings!H308) | D307: =IF(Raw_Bookings!F308="New License","NEW",IF(OR(Raw_Bookings!F308="Renewal",Raw_Bookings!F308="Support"),"RECURRING","OTHER")) | E307: =IFERROR(VLOOKUP(Raw_Bookings!G308,Rep_Master!$A$2:$D$18,3,FALSE),"") | F307: =IFERROR(VLOOKUP(E307,Rep_Targets!$A$2:$D$9,4,FALSE),0) | G307: =IF(F307=0,"NO QUOTA FOUND",IF(C307>=F307*0.25,"On Track","Behind")) | H307: =C307*IF(B307="West",0.95,1)
A308: =Raw_Bookings!A309 | B308: =IF(TRIM(LOWER(Raw_Bookings!D309))="east","East",IF(TRIM(LOWER(Raw_Bookings!D309))="west","West",IF(TRIM(LOWER(Raw_Bookings!D309))="central","Central",IF(TRIM(LOWER(Raw_Bookings!D309))="south","South","UNKNOWN")))) | C308: =IFERROR(Raw_Bookings!H309*VLOOKUP(Raw_Bookings!I309,Rates!$A$2:$B$6,2,FALSE),Raw_Bookings!H309) | D308: =IF(Raw_Bookings!F309="New License","NEW",IF(OR(Raw_Bookings!F309="Renewal",Raw_Bookings!F309="Support"),"RECURRING","OTHER")) | E308: =IFERROR(VLOOKUP(Raw_Bookings!G309,Rep_Master!$A$2:$D$18,3,FALSE),"") | F308: =IFERROR(VLOOKUP(E308,Rep_Targets!$A$2:$D$9,4,FALSE),0) | G308: =IF(F308=0,"NO QUOTA FOUND",IF(C308>=F308*0.25,"On Track","Behind")) | H308: 49415.95 | I308: ADJ307 | J308: mgr adj - see email 3/12
A309: =Raw_Bookings!A310 | B309: =IF(TRIM(LOWER(Raw_Bookings!D310))="east","East",IF(TRIM(LOWER(Raw_Bookings!D310))="west","West",IF(TRIM(LOWER(Raw_Bookings!D310))="central","Central",IF(TRIM(LOWER(Raw_Bookings!D310))="south","South","UNKNOWN")))) | C309: =IFERROR(Raw_Bookings!H310*VLOOKUP(Raw_Bookings!I310,Rates!$A$2:$B$6,2,FALSE),Raw_Bookings!H310) | D309: =IF(Raw_Bookings!F310="New License","NEW",IF(OR(Raw_Bookings!F310="Renewal",Raw_Bookings!F310="Support"),"RECURRING","OTHER")) | E309: =IFERROR(VLOOKUP(Raw_Bookings!G310,Rep_Master!$A$2:$D$18,3,FALSE),"") | F309: =IFERROR(VLOOKUP(E309,Rep_Targets!$A$2:$D$9,4,FALSE),0) | G309: =IF(F309=0,"NO QUOTA FOUND",IF(C309>=F309*0.25,"On Track","Behind")) | H309: =C309*IF(B309="West",0.95,1)
A310: =Raw_Bookings!A311 | B310: =IF(TRIM(LOWER(Raw_Bookings!D311))="east","East",IF(TRIM(LOWER(Raw_Bookings!D311))="west","West",IF(TRIM(LOWER(Raw_Bookings!D311))="central","Central",IF(TRIM(LOWER(Raw_Bookings!D311))="south","South","UNKNOWN")))) | C310: =IFERROR(Raw_Bookings!H311*VLOOKUP(Raw_Bookings!I311,Rates!$A$2:$B$6,2,FALSE),Raw_Bookings!H311) | D310: =IF(Raw_Bookings!F311="New License","NEW",IF(OR(Raw_Bookings!F311="Renewal",Raw_Bookings!F311="Support"),"RECURRING","OTHER")) | E310: =IFERROR(VLOOKUP(Raw_Bookings!G311,Rep_Master!$A$2:$D$18,3,FALSE),"") | F310: =IFERROR(VLOOKUP(E310,Rep_Targets!$A$2:$D$9,4,FALSE),0) | G310: =IF(F310=0,"NO QUOTA FOUND",IF(C310>=F310*0.25,"On Track","Behind")) | H310: =C310*IF(B310="West",0.95,1)
A311: =Raw_Bookings!A312 | B311: =IF(TRIM(LOWER(Raw_Bookings!D312))="east","East",IF(TRIM(LOWER(Raw_Bookings!D312))="west","West",IF(TRIM(LOWER(Raw_Bookings!D312))="central","Central",IF(TRIM(LOWER(Raw_Bookings!D312))="south","South","UNKNOWN")))) | C311: =IFERROR(Raw_Bookings!H312*VLOOKUP(Raw_Bookings!I312,Rates!$A$2:$B$6,2,FALSE),Raw_Bookings!H312) | D311: =IF(Raw_Bookings!F312="New License","NEW",IF(OR(Raw_Bookings!F312="Renewal",Raw_Bookings!F312="Support"),"RECURRING","OTHER")) | E311: =IFERROR(VLOOKUP(Raw_Bookings!G312,Rep_Master!$A$2:$D$18,3,FALSE),"") | F311: =IFERROR(VLOOKUP(E311,Rep_Targets!$A$2:$D$9,4,FALSE),0) | G311: =IF(F311=0,"NO QUOTA FOUND",IF(C311>=F311*0.25,"On Track","Behind")) | H311: =C311*IF(B311="West",0.95,1)
A312: =Raw_Bookings!A313 | B312: =IF(TRIM(LOWER(Raw_Bookings!D313))="east","East",IF(TRIM(LOWER(Raw_Bookings!D313))="west","West",IF(TRIM(LOWER(Raw_Bookings!D313))="central","Central",IF(TRIM(LOWER(Raw_Bookings!D313))="south","South","UNKNOWN")))) | C312: =IFERROR(Raw_Bookings!H313*VLOOKUP(Raw_Bookings!I313,Rates!$A$2:$B$6,2,FALSE),Raw_Bookings!H313) | D312: =IF(Raw_Bookings!F313="New License","NEW",IF(OR(Raw_Bookings!F313="Renewal",Raw_Bookings!F313="Support"),"RECURRING","OTHER")) | E312: =IFERROR(VLOOKUP(Raw_Bookings!G313,Rep_Master!$A$2:$D$18,3,FALSE),"") | F312: =IFERROR(VLOOKUP(E312,Rep_Targets!$A$2:$D$9,4,FALSE),0) | G312: =IF(F312=0,"NO QUOTA FOUND",IF(C312>=F312*0.25,"On Track","Behind")) | H312: =C312*IF(B312="West",0.95,1)
A313: =Raw_Bookings!A314 | B313: =IF(TRIM(LOWER(Raw_Bookings!D314))="east","East",IF(TRIM(LOWER(Raw_Bookings!D314))="west","West",IF(TRIM(LOWER(Raw_Bookings!D314))="central","Central",IF(TRIM(LOWER(Raw_Bookings!D314))="south","South","UNKNOWN")))) | C313: =IFERROR(Raw_Bookings!H314*VLOOKUP(Raw_Bookings!I314,Rates!$A$2:$B$6,2,FALSE),Raw_Bookings!H314) | D313: =IF(Raw_Bookings!F314="New License","NEW",IF(OR(Raw_Bookings!F314="Renewal",Raw_Bookings!F314="Support"),"RECURRING","OTHER")) | E313: =IFERROR(VLOOKUP(Raw_Bookings!G314,Rep_Master!$A$2:$D$18,3,FALSE),"") | F313: =IFERROR(VLOOKUP(E313,Rep_Targets!$A$2:$D$9,4,FALSE),0) | G313: =IF(F313=0,"NO QUOTA FOUND",IF(C313>=F313*0.25,"On Track","Behind")) | H313: =C313*IF(B313="West",0.95,1)
A314: =Raw_Bookings!A315 | B314: =IF(TRIM(LOWER(Raw_Bookings!D315))="east","East",IF(TRIM(LOWER(Raw_Bookings!D315))="west","West",IF(TRIM(LOWER(Raw_Bookings!D315))="central","Central",IF(TRIM(LOWER(Raw_Bookings!D315))="south","South","UNKNOWN")))) | C314: =IFERROR(Raw_Bookings!H315*VLOOKUP(Raw_Bookings!I315,Rates!$A$2:$B$6,2,FALSE),Raw_Bookings!H315) | D314: =IF(Raw_Bookings!F315="New License","NEW",IF(OR(Raw_Bookings!F315="Renewal",Raw_Bookings!F315="Support"),"RECURRING","OTHER")) | E314: =IFERROR(VLOOKUP(Raw_Bookings!G315,Rep_Master!$A$2:$D$18,3,FALSE),"") | F314: =IFERROR(VLOOKUP(E314,Rep_Targets!$A$2:$D$9,4,FALSE),0) | G314: =IF(F314=0,"NO QUOTA FOUND",IF(C314>=F314*0.25,"On Track","Behind")) | H314: =C314*IF(B314="West",0.95,1)
A315: =Raw_Bookings!A316 | B315: =IF(TRIM(LOWER(Raw_Bookings!D316))="east","East",IF(TRIM(LOWER(Raw_Bookings!D316))="west","West",IF(TRIM(LOWER(Raw_Bookings!D316))="central","Central",IF(TRIM(LOWER(Raw_Bookings!D316))="south","South","UNKNOWN")))) | C315: =IFERROR(Raw_Bookings!H316*VLOOKUP(Raw_Bookings!I316,Rates!$A$2:$B$6,2,FALSE),Raw_Bookings!H316) | D315: =IF(Raw_Bookings!F316="New License","NEW",IF(OR(Raw_Bookings!F316="Renewal",Raw_Bookings!F316="Support"),"RECURRING","OTHER")) | E315: =IFERROR(VLOOKUP(Raw_Bookings!G316,Rep_Master!$A$2:$D$18,3,FALSE),"") | F315: =IFERROR(VLOOKUP(E315,Rep_Targets!$A$2:$D$9,4,FALSE),0) | G315: =IF(F315=0,"NO QUOTA FOUND",IF(C315>=F315*0.25,"On Track","Behind")) | H315: =C315*IF(B315="West",0.95,1)
A316: =Raw_Bookings!A317 | B316: =IF(TRIM(LOWER(Raw_Bookings!D317))="east","East",IF(TRIM(LOWER(Raw_Bookings!D317))="west","West",IF(TRIM(LOWER(Raw_Bookings!D317))="central","Central",IF(TRIM(LOWER(Raw_Bookings!D317))="south","South","UNKNOWN")))) | C316: =IFERROR(Raw_Bookings!H317*VLOOKUP(Raw_Bookings!I317,Rates!$A$2:$B$6,2,FALSE),Raw_Bookings!H317) | D316: =IF(Raw_Bookings!F317="New License","NEW",IF(OR(Raw_Bookings!F317="Renewal",Raw_Bookings!F317="Support"),"RECURRING","OTHER")) | E316: =IFERROR(VLOOKUP(Raw_Bookings!G317,Rep_Master!$A$2:$D$18,3,FALSE),"") | F316: =IFERROR(VLOOKUP(E316,Rep_Targets!$A$2:$D$9,4,FALSE),0) | G316: =IF(F316=0,"NO QUOTA FOUND",IF(C316>=F316*0.25,"On Track","Behind")) | H316: =C316*IF(B316="West",0.95,1)
A317: =Raw_Bookings!A318 | B317: =IF(TRIM(LOWER(Raw_Bookings!D318))="east","East",IF(TRIM(LOWER(Raw_Bookings!D318))="west","West",IF(TRIM(LOWER(Raw_Bookings!D318))="central","Central",IF(TRIM(LOWER(Raw_Bookings!D318))="south","South","UNKNOWN")))) | C317: =IFERROR(Raw_Bookings!H318*VLOOKUP(Raw_Bookings!I318,Rates!$A$2:$B$6,2,FALSE),Raw_Bookings!H318) | D317: =IF(Raw_Bookings!F318="New License","NEW",IF(OR(Raw_Bookings!F318="Renewal",Raw_Bookings!F318="Support"),"RECURRING","OTHER")) | E317: =IFERROR(VLOOKUP(Raw_Bookings!G318,Rep_Master!$A$2:$D$18,3,FALSE),"") | F317: =IFERROR(VLOOKUP(E317,Rep_Targets!$A$2:$D$9,4,FALSE),0) | G317: =IF(F317=0,"NO QUOTA FOUND",IF(C317>=F317*0.25,"On Track","Behind")) | H317: =C317*IF(B317="West",0.95,1)
A318: =Raw_Bookings!A319 | B318: =IF(TRIM(LOWER(Raw_Bookings!D319))="east","East",IF(TRIM(LOWER(Raw_Bookings!D319))="west","West",IF(TRIM(LOWER(Raw_Bookings!D319))="central","Central",IF(TRIM(LOWER(Raw_Bookings!D319))="south","South","UNKNOWN")))) | C318: =IFERROR(Raw_Bookings!H319*VLOOKUP(Raw_Bookings!I319,Rates!$A$2:$B$6,2,FALSE),Raw_Bookings!H319) | D318: =IF(Raw_Bookings!F319="New License","NEW",IF(OR(Raw_Bookings!F319="Renewal",Raw_Bookings!F319="Support"),"RECURRING","OTHER")) | E318: =IFERROR(VLOOKUP(Raw_Bookings!G319,Rep_Master!$A$2:$D$18,3,FALSE),"") | F318: =IFERROR(VLOOKUP(E318,Rep_Targets!$A$2:$D$9,4,FALSE),0) | G318: =IF(F318=0,"NO QUOTA FOUND",IF(C318>=F318*0.25,"On Track","Behind")) | H318: =C318*IF(B318="West",0.95,1)
A319: =Raw_Bookings!A320 | B319: =IF(TRIM(LOWER(Raw_Bookings!D320))="east","East",IF(TRIM(LOWER(Raw_Bookings!D320))="west","West",IF(TRIM(LOWER(Raw_Bookings!D320))="central","Central",IF(TRIM(LOWER(Raw_Bookings!D320))="south","South","UNKNOWN")))) | C319: =IFERROR(Raw_Bookings!H320*VLOOKUP(Raw_Bookings!I320,Rates!$A$2:$B$6,2,FALSE),Raw_Bookings!H320) | D319: =IF(Raw_Bookings!F320="New License","NEW",IF(OR(Raw_Bookings!F320="Renewal",Raw_Bookings!F320="Support"),"RECURRING","OTHER")) | E319: =IFERROR(VLOOKUP(Raw_Bookings!G320,Rep_Master!$A$2:$D$18,3,FALSE),"") | F319: =IFERROR(VLOOKUP(E319,Rep_Targets!$A$2:$D$9,4,FALSE),0) | G319: =IF(F319=0,"NO QUOTA FOUND",IF(C319>=F319*0.25,"On Track","Behind")) | H319: =C319*IF(B319="West",0.95,1)
A320: =Raw_Bookings!A321 | B320: =IF(TRIM(LOWER(Raw_Bookings!D321))="east","East",IF(TRIM(LOWER(Raw_Bookings!D321))="west","West",IF(TRIM(LOWER(Raw_Bookings!D321))="central","Central",IF(TRIM(LOWER(Raw_Bookings!D321))="south","South","UNKNOWN")))) | C320: =IFERROR(Raw_Bookings!H321*VLOOKUP(Raw_Bookings!I321,Rates!$A$2:$B$6,2,FALSE),Raw_Bookings!H321) | D320: =IF(Raw_Bookings!F321="New License","NEW",IF(OR(Raw_Bookings!F321="Renewal",Raw_Bookings!F321="Support"),"RECURRING","OTHER")) | E320: =IFERROR(VLOOKUP(Raw_Bookings!G321,Rep_Master!$A$2:$D$18,3,FALSE),"") | F320: =IFERROR(VLOOKUP(E320,Rep_Targets!$A$2:$D$9,4,FALSE),0) | G320: =IF(F320=0,"NO QUOTA FOUND",IF(C320>=F320*0.25,"On Track","Behind")) | H320: =C320*IF(B320="West",0.95,1)
... A404: =Raw_Bookings!A405 | B404: =IF(TRIM(LOWER(Raw_Bookings!D405))="east","East",IF(TRIM(LOWER(Raw_Bookings!D405))="west","West",IF(TRIM(LOWER(Raw_Bookings!D405))="central","Central",IF(TRIM(LOWER(Raw_Bookings!D405))="south","South","UNKNOWN")))) | C404: =IFERROR(Raw_Bookings!H405*VLOOKUP(Raw_Bookings!I405,Rates!$A$2:$B$6,2,FALSE),Raw_Bookings!H405) | D404: =IF(Raw_Bookings!F405="New License","NEW",IF(OR(Raw_Bookings!F405="Renewal",Raw_Bookings!F405="Support"),"RECURRING","OTHER")) | E404: =IFERROR(VLOOKUP(Raw_Bookings!G405,Rep_Master!$A$2:$D$18,3,FALSE),"") | F404: =IFERROR(VLOOKUP(E404,Rep_Targets!$A$2:$D$9,4,FALSE),0) | G404: =IF(F404=0,"NO QUOTA FOUND",IF(C404>=F404*0.25,"On Track","Behind")) | H404: =C404*IF(B404="West",0.95,1)

Sheet Regional_Summary
A1: REGIONAL BOOKINGS SUMMARY - FINAL - v7
A3: Region | B3: NEW | C3: RECURRING | D3: OTHER | E3: Total | F3: % of Grand Total
A4: East | B4: =SUMIFS(Calc!$H$2:$H404,Calc!$B$2:$B404,$A4,Calc!$D$2:$D404,B$3) | C4: =SUMIFS(Calc!$H$2:$H404,Calc!$B$2:$B404,$A4,Calc!$D$2:$D404,C$3) | D4: =SUMIFS(Calc!$H$2:$H404,Calc!$B$2:$B404,$A4,Calc!$D$2:$D404,D$3) | E4: =SUM(B4:D4) | F4: =IF($E$9=0,0,E4/$E$9)
A5: West | B5: =SUMIFS(Calc!$H$2:$H404,Calc!$B$2:$B404,$A5,Calc!$D$2:$D404,B$3) | C5: =SUMIFS(Calc!$H$2:$H404,Calc!$B$2:$B404,$A5,Calc!$D$2:$D404,C$3) | D5: =SUMIFS(Calc!$H$2:$H404,Calc!$B$2:$B404,$A5,Calc!$D$2:$D404,D$3) | E5: =SUM(B5:D5) | F5: =IF($E$9=0,0,E5/$E$9)
A6: Central | B6: =SUMIFS(Calc!$H$2:$H404,Calc!$B$2:$B404,$A6,Calc!$D$2:$D404,B$3) | C6: =SUMIFS(Calc!$H$2:$H404,Calc!$B$2:$B404,$A6,Calc!$D$2:$D404,C$3) | D6: =SUMIFS(Calc!$H$2:$H404,Calc!$B$2:$B404,$A6,Calc!$D$2:$D404,D$3) | E6: =SUM(B6:D6) | F6: =IF($E$9=0,0,E6/$E$9)
A7: South | B7: =SUMIFS(Calc!$H$2:$H404,Calc!$B$2:$B404,$A7,Calc!$D$2:$D404,B$3) | C7: =SUMIFS(Calc!$H$2:$H404,Calc!$B$2:$B404,$A7,Calc!$D$2:$D404,C$3) | D7: =SUMIFS(Calc!$H$2:$H404,Calc!$B$2:$B404,$A7,Calc!$D$2:$D404,D$3) | E7: =SUM(B7:D7) | F7: =IF($E$9=0,0,E7/$E$9)
A9: GRAND TOTAL | E9: =SUM(E4:E7)+5000 | G9: true-up per Finance (Jan) - DO NOT REMOVE
